==========================================
Sequential Robot Simulation Runner
==========================================

Configuration:
- Radius: 4.0
- World Name: indoor1
- Loop Duration: 240 seconds (4 minutes)

Execution Plan:
1. Run main_launch_auto.sh (108 iterations)
2. Run main_launch_auto_attack.sh (108 iterations)
Total: 216 iterations

Estimated total runtime: 15 hours 0 minutes

Making scripts executable...
Sequential simulation started at: Sun Jul 13 13:22:51 EDT 2025

==========================================
Starting Normal Robot Simulation Phase
Script: main_launch_auto.sh
Parameters: --radius 4.0 --wname indoor1 --duration 240
==========================================
Starting looping robot simulation with multiple maps...
Total iterations: 108
Loop duration: 240 seconds (4 minutes)
Maps: indoor1 indoor2 indoor4
Robot sequence per map: go2 (1-36), go1 (37-72), a1 (73-108)
Map sequence per robot: indoor1 (1-12), indoor2 (13-24), indoor4 (25-36)
Estimated total runtime: 7 hours 30 minutes

Progress: 1/108 iterations
Robot cycle: go2 (iteration 1/36)
Map cycle: indoor1 (iteration 1/12)
==========================================
Starting iteration 1
Robot: go2
Map: indoor1
==========================================
Spawning robot at position: x=-3.8160751125398105, y=-0.9718160193423895 (radius=4.0)
Launching Gazebo simulation...
Waiting for Gazebo to initialize...
... logging to /home/shivayogiakki/.ros/log/6bc1990c-5e96-11f0-a997-9843fa238b51/roslaunch-rolac-desktop-22211.log
Checking log directory for disk usage. This may take a while.
Press Ctrl-C to interrupt
Done checking log file disk usage. Usage is <1GB.
]2;/home/shivayogiakki/Documents/github/go1_sim/src/unitree_guide/unitree_move_base/launch/gazebo_move_base.launch
[1mstarted roslaunch server http://rolac-desktop:38773/[0m

SUMMARY
========

PARAMETERS
 * /gazebo/enable_ros_network: True
 * /go2_gazebo/FL_calf_controller/joint: FL_calf_joint
 * /go2_gazebo/FL_calf_controller/pid/d: 8.0
 * /go2_gazebo/FL_calf_controller/pid/i: 0.0
 * /go2_gazebo/FL_calf_controller/pid/p: 300.0
 * /go2_gazebo/FL_calf_controller/type: unitree_legged_co...
 * /go2_gazebo/FL_hip_controller/joint: FL_hip_joint
 * /go2_gazebo/FL_hip_controller/pid/d: 5.0
 * /go2_gazebo/FL_hip_controller/pid/i: 0.0
 * /go2_gazebo/FL_hip_controller/pid/p: 100.0
 * /go2_gazebo/FL_hip_controller/type: unitree_legged_co...
 * /go2_gazebo/FL_thigh_controller/joint: FL_thigh_joint
 * /go2_gazebo/FL_thigh_controller/pid/d: 8.0
 * /go2_gazebo/FL_thigh_controller/pid/i: 0.0
 * /go2_gazebo/FL_thigh_controller/pid/p: 300.0
 * /go2_gazebo/FL_thigh_controller/type: unitree_legged_co...
 * /go2_gazebo/FR_calf_controller/joint: FR_calf_joint
 * /go2_gazebo/FR_calf_controller/pid/d: 8.0
 * /go2_gazebo/FR_calf_controller/pid/i: 0.0
 * /go2_gazebo/FR_calf_controller/pid/p: 300.0
 * /go2_gazebo/FR_calf_controller/type: unitree_legged_co...
 * /go2_gazebo/FR_hip_controller/joint: FR_hip_joint
 * /go2_gazebo/FR_hip_controller/pid/d: 5.0
 * /go2_gazebo/FR_hip_controller/pid/i: 0.0
 * /go2_gazebo/FR_hip_controller/pid/p: 100.0
 * /go2_gazebo/FR_hip_controller/type: unitree_legged_co...
 * /go2_gazebo/FR_thigh_controller/joint: FR_thigh_joint
 * /go2_gazebo/FR_thigh_controller/pid/d: 8.0
 * /go2_gazebo/FR_thigh_controller/pid/i: 0.0
 * /go2_gazebo/FR_thigh_controller/pid/p: 300.0
 * /go2_gazebo/FR_thigh_controller/type: unitree_legged_co...
 * /go2_gazebo/RL_calf_controller/joint: RL_calf_joint
 * /go2_gazebo/RL_calf_controller/pid/d: 8.0
 * /go2_gazebo/RL_calf_controller/pid/i: 0.0
 * /go2_gazebo/RL_calf_controller/pid/p: 300.0
 * /go2_gazebo/RL_calf_controller/type: unitree_legged_co...
 * /go2_gazebo/RL_hip_controller/joint: RL_hip_joint
 * /go2_gazebo/RL_hip_controller/pid/d: 5.0
 * /go2_gazebo/RL_hip_controller/pid/i: 0.0
 * /go2_gazebo/RL_hip_controller/pid/p: 100.0
 * /go2_gazebo/RL_hip_controller/type: unitree_legged_co...
 * /go2_gazebo/RL_thigh_controller/joint: RL_thigh_joint
 * /go2_gazebo/RL_thigh_controller/pid/d: 8.0
 * /go2_gazebo/RL_thigh_controller/pid/i: 0.0
 * /go2_gazebo/RL_thigh_controller/pid/p: 300.0
 * /go2_gazebo/RL_thigh_controller/type: unitree_legged_co...
 * /go2_gazebo/RR_calf_controller/joint: RR_calf_joint
 * /go2_gazebo/RR_calf_controller/pid/d: 8.0
 * /go2_gazebo/RR_calf_controller/pid/i: 0.0
 * /go2_gazebo/RR_calf_controller/pid/p: 300.0
 * /go2_gazebo/RR_calf_controller/type: unitree_legged_co...
 * /go2_gazebo/RR_hip_controller/joint: RR_hip_joint
 * /go2_gazebo/RR_hip_controller/pid/d: 5.0
 * /go2_gazebo/RR_hip_controller/pid/i: 0.0
 * /go2_gazebo/RR_hip_controller/pid/p: 100.0
 * /go2_gazebo/RR_hip_controller/type: unitree_legged_co...
 * /go2_gazebo/RR_thigh_controller/joint: RR_thigh_joint
 * /go2_gazebo/RR_thigh_controller/pid/d: 8.0
 * /go2_gazebo/RR_thigh_controller/pid/i: 0.0
 * /go2_gazebo/RR_thigh_controller/pid/p: 300.0
 * /go2_gazebo/RR_thigh_controller/type: unitree_legged_co...
 * /go2_gazebo/joint_state_controller/publish_rate: 1000
 * /go2_gazebo/joint_state_controller/type: joint_state_contr...
 * /robot_description: <?xml version="1....
 * /robot_description_1: <?xml version="1....
 * /robot_name: go2
 * /rosdistro: melodic
 * /rosversion: 1.14.13
 * /use_sim_time: True

NODES
  /
    gazebo (gazebo_ros/gzserver)
    gazebo_gui (gazebo_ros/gzclient)
    robot_state_publisher (robot_state_publisher/robot_state_publisher)
    urdf_spawner (gazebo_ros/spawn_model)
  /go2_gazebo/
    controller_spawner (controller_manager/spawner)[INFO] [1752427372.588907, 0.000000]: Loading model XML from ros parameter robot_description
[INFO] [1752427372.606090, 0.000000]: Waiting for service /gazebo/spawn_urdf_model
[INFO] [1752427372.908462, 0.000000]: Calling service /gazebo/spawn_urdf_model
[INFO] [1752427373.190917, 0.000000]: Spawn status: SpawnModel: Successfully spawned entity
[INFO] [1752427373.191988, 0.000000]: Unpausing physics
Step 1: Writing 'z 0' to action_plan.txt...
Action plan file updated.
Step 2: Running junior_ctrl...
junior_ctrl started with PID: 22678
The control interface for ROS Gazebo simulation
robot_name: go2
KeyBoard thread started
Executing initialization sequence...
Stand command sent
Switched from passive to fixed stand
Walk mode command sent
Switched from fixed stand to trotting
Step 3: Running scan_to_json...
scan_to_json started with PID: 22688
Step 4: Running Python server request script...
Python script started with PID: 22705
All processes started successfully for iteration 1!
Running for 240 seconds...
[INFO] Monitoring /home/shivayogiakki/scan_data.json for new scans. Press Ctrl+C to exit.

--- DATA TO BE SENT ---
{
  "lidar_data": {
    "header": {
      "seq": 16,
      "stamp": {
        "secs": 534,
        "nsecs": 723000000
      },
      "frame_id": "laser"
    },
    "angle_min": -3,
    "angle_max": 3,
    "angle_increment": 0.0055607,
    "time_increment": 0,
    "scan_time": 0,
    "range_min": 0.1,
    "range_max": 30,
    "ranges": [
      2.15225,
      2.16912,
      2.17204,
      2.15752,
      2.1717,
      2.17253,
      2.17845,
      2.18707,
      2.1636,
      2.19806,
      2.18644,
      2.17805,
      2.19755,
      2.20886,
      2.20906,
      2.21899,
      2.19421,
      2.22287,
      2.20694,
      2.22331,
      2.2312,
      2.23008,
      2.23159,
      2.24952,
      2.2484,
      2.24444,
      2.25953,
      2.24114,
      2.27157,
      2.27783,
      2.27202,
      2.26353,
      2.28099,
      2.29748,
      2.31208,
      2.30649,
      2.31586,
      2.30107,
      2.30556,
      2.32234,
      2.33557,
      2.33062,
      2.35757,
      2.33416,
      2.34397,
      2.36693,
      2.35863,
      2.38034,
      2.37807,
      2.38996,
      2.39598,
      2.40177,
      2.40838,
      2.42179,
      2.41722,
      2.42836,
      2.43357,
      2.46417,
      2.44468,
      2.46019,
      2.485,
      2.47527,
      2.49644,
      2.50949,
      2.52867,
      2.51578,
      2.52751,
      2.53978,
      2.5587,
      2.56148,
      2.57226,
      2.57629,
      2.59885,
      2.59745,
      2.61321,
      2.63731,
      2.62536,
      2.63269,
      2.6589,
      2.66064,
      2.65762,
      2.68584,
      2.69949,
      2.70664,
      2.72136,
      2.73983,
      2.73592,
      2.76316,
      2.78279,
      2.78262,
      2.80089,
      2.81311,
      2.81075,
      2.83061,
      2.8477,
      2.85631,
      2.89472,
      2.8772,
      2.90603,
      2.93537,
      2.96035,
      2.94939,
      3.00112,
      2.99878,
      3.01411,
      3.04293,
      3.03649,
      3.07355,
      3.08682,
      3.096,
      3.11439,
      3.15214,
      3.15817,
      3.18205,
      3.19836,
      3.21816,
      3.25072,
      3.25077,
      3.30087,
      3.32966,
      3.36684,
      3.36532,
      3.39505,
      3.41334,
      3.42783,
      3.44831,
      3.4648,
      3.50809,
      3.50399,
      3.56443,
      3.58607,
      3.61636,
      3.63603,
      3.65739,
      3.69111,
      3.73405,
      3.74292,
      3.79407,
      3.8116,
      3.8582,
      3.88135,
      3.89354,
      3.93252,
      3.98302,
      4.0018,
      4.04511,
      4.07167,
      4.11977,
      4.15161,
      4.19892,
      4.24491,
      4.28876,
      4.31831,
      4.39422,
      4.38736,
      4.45989,
      4.51607,
      4.59129,
      4.60472,
      4.67187,
      4.65867,
      4.6492,
      4.63476,
      4.62378,
      4.61577,
      4.60536,
      4.59722,
      4.55001,
      4.54167,
      4.55428,
      4.53199,
      4.51358,
      4.51638,
      4.49617,
      4.49621,
      4.49517,
      4.47373,
      4.47125,
      4.45178,
      4.45124,
      4.42928,
      4.43794,
      4.42691,
      4.41312,
      4.42044,
      4.40148,
      4.39377,
      4.38024,
      4.38626,
      4.36815,
      4.34891,
      4.33855,
      4.33122,
      4.3385,
      4.31725,
      4.3321,
      4.31548,
      4.29803,
      4.31812,
      4.29835,
      4.28212,
      4.27558,
      4.29762,
      4.26749,
      4.26637,
      4.26545,
      4.23825,
      4.24358,
      4.2599,
      4.24784,
      4.22741,
      4.24521,
      4.25064,
      4.22173,
      4.23238,
      4.22258,
      4.22742,
      4.20674,
      4.21605,
      4.1883,
      4.20505,
      4.18685,
      4.22079,
      4.18878,
      4.18849,
      4.19056,
      4.19014,
      4.17513,
      4.17992,
      4.16645,
      4.18854,
      4.17996,
      4.185,
      4.16765,
      4.16413,
      4.15166,
      4.18549,
      4.18804,
      4.17048,
      4.17801,
      4.17548,
      4.16032,
      4.17497,
      4.18144,
      4.18462,
      4.17497,
      4.18579,
      4.15559,
      4.19755,
      4.18116,
      4.17186,
      4.17104,
      4.16736,
      4.18075,
      4.17788,
      4.18577,
      4.17381,
      4.19059,
      4.17952,
      4.18359,
      4.18752,
      4.18995,
      4.19357,
      4.18253,
      4.20518,
      4.19622,
      4.20539,
      4.21364,
      4.20064,
      4.21129,
      4.22228,
      4.2092,
      4.22547,
      4.23325,
      4.25491,
      4.24863,
      4.24729,
      4.24937,
      4.24208,
      4.2592,
      4.25103,
      4.26015,
      4.27976,
      4.28009,
      4.26465,
      4.28455,
      4.28884,
      4.32384,
      4.29211,
      4.29667,
      4.3149,
      4.33526,
      4.32659,
      4.34171,
      4.35354,
      4.34474,
      4.33632,
      4.3755,
      4.36357,
      4.37134,
      4.37751,
      4.38453,
      4.40033,
      4.41289,
      4.4066,
      4.42346,
      4.41664,
      4.44638,
      4.46275,
      4.45863,
      4.47371,
      4.47359,
      4.48793,
      4.50333,
      4.52768,
      4.5143,
      4.52679,
      4.54292,
      4.55298,
      4.5563,
      4.55463,
      4.61895,
      4.59856,
      4.61411,
      4.62365,
      4.65287,
      4.63306,
      4.65921,
      4.65747,
      4.68844,
      4.71584,
      4.69931,
      4.72507,
      4.75255,
      4.75361,
      4.76622,
      4.8007,
      4.80348,
      4.83418,
      4.84615,
      4.87259,
      4.8738,
      4.88208,
      4.89623,
      4.91907,
      4.94841,
      4.95137,
      4.98408,
      4.9855,
      5.02923,
      5.02932,
      5.0481,
      5.06296,
      5.08753,
      5.11071,
      5.15005,
      5.14007,
      5.15379,
      5.18199,
      5.23775,
      5.24917,
      5.24025,
      5.29871,
      5.31862,
      5.32999,
      5.35218,
      5.37446,
      5.40435,
      5.41976,
      5.45276,
      5.47364,
      5.5011,
      5.52992,
      5.54343,
      5.60626,
      5.62199,
      5.64273,
      5.66311,
      5.67725,
      5.73999,
      5.74999,
      5.78783,
      5.83149,
      5.84249,
      5.88484,
      5.91428,
      5.95175,
      5.99013,
      6.00486,
      6.04778,
      6.09984,
      6.12953,
      6.16934,
      6.218,
      6.25148,
      6.28223,
      6.33644,
      6.38133,
      6.40571,
      6.44195,
      6.4733,
      6.52684,
      6.58327,
      6.61185,
      6.65481,
      6.71588,
      6.75011,
      6.80686,
      6.84587,
      6.89329,
      6.95522,
      7.02581,
      7.07574,
      7.1168,
      7.16343,
      7.2386,
      7.29073,
      7.34681,
      7.40726,
      7.45709,
      7.53053,
      7.58975,
      7.66579,
      7.73371,
      7.78798,
      7.84523,
      7.94914,
      8.00482,
      8.06847,
      8.13279,
      8.22788,
      8.29426,
      8.40433,
      8.45156,
      8.56147,
      8.63497,
      8.74048,
      8.828,
      8.9263,
      8.99486,
      9.10338,
      9.19974,
      9.3217,
      9.41555,
      9.50497,
      9.63537,
      9.74872,
      9.84805,
      9.9803,
      10.0992,
      10.2199,
      10.3591,
      10.4821,
      0.1003,
      0.110024,
      0.102801,
      0.1,
      0.1,
      0.107516,
      0.126582,
      11.6937,
      11.8601,
      12.0346,
      12.2273,
      12.4206,
      12.6185,
      12.8226,
      12.913,
      12.9092,
      12.8756,
      12.8516,
      12.8176,
      12.8066,
      12.7595,
      12.736,
      12.7434,
      12.7176,
      12.718,
      12.6723,
      12.664,
      12.6491,
      12.6173,
      12.6206,
      12.5794,
      12.5701,
      12.5692,
      12.5386,
      12.5369,
      12.5108,
      12.4834,
      12.4979,
      12.4729,
      12.4619,
      12.438,
      12.4376,
      12.4233,
      12.406,
      12.4026,
      12.3917,
      12.3679,
      12.3547,
      12.3583,
      12.3474,
      12.3363,
      12.3256,
      12.3262,
      12.291,
      12.3014,
      12.289,
      12.298,
      12.2958,
      12.2797,
      12.2813,
      12.2613,
      12.2739,
      12.2539,
      12.2463,
      12.2475,
      12.2567,
      12.2566,
      12.2458,
      12.2522,
      12.2562,
      12.2428,
      12.2455,
      12.2258,
      12.2434,
      12.2326,
      12.2548,
      12.235,
      12.2662,
      12.2363,
      12.2728,
      12.2487,
      12.2614,
      12.2767,
      12.2659,
      12.283,
      12.2641,
      12.2731,
      12.2828,
      12.3052,
      12.2914,
      12.3036,
      12.3234,
      12.331,
      12.3258,
      12.2979,
      12.3335,
      12.3465,
      12.3371,
      12.3707,
      12.3713,
      12.3683,
      12.3826,
      12.4163,
      12.4171,
      12.4506,
      12.4358,
      12.4548,
      12.4491,
      12.4792,
      12.4926,
      12.5134,
      12.5415,
      12.5439,
      12.553,
      12.5775,
      12.6175,
      12.5936,
      12.6333,
      12.644,
      12.6674,
      12.6956,
      12.7045,
      12.7144,
      12.7316,
      12.7486,
      20.7398,
      20.78,
      20.7867,
      20.6851,
      20.3211,
      19.9974,
      19.6438,
      19.3451,
      19.027,
      18.7289,
      18.4367,
      18.1766,
      17.8761,
      17.6358,
      17.3877,
      17.1391,
      16.892,
      16.6652,
      16.4417,
      16.2264,
      16.0111,
      15.8231,
      15.6221,
      13.4531,
      13.3697,
      13.4279,
      13.4478,
      13.4885,
      13.5173,
      13.5541,
      13.6006,
      13.6352,
      13.6765,
      13.7071,
      13.5646,
      13.4267,
      13.2992,
      13.1597,
      13.0229,
      12.8939,
      12.7701,
      12.6365,
      12.536,
      12.4073,
      12.291,
      12.1686,
      12.0678,
      11.9645,
      11.8591,
      11.7324,
      11.6599,
      11.5717,
      11.4539,
      11.347,
      11.2482,
      11.1598,
      11.0549,
      11.0018,
      10.8884,
      10.7991,
      10.7377,
      10.6452,
      10.5724,
      10.5073,
      10.4197,
      10.316,
      10.2631,
      10.1999,
      10.1075,
      10.0543,
      9.98259,
      9.88963,
      9.82725,
      9.78886,
      9.71445,
      9.65938,
      9.59485,
      9.5346,
      9.47272,
      9.42953,
      9.33551,
      9.29862,
      9.24381,
      9.17822,
      9.1306,
      9.07209,
      9.02941,
      8.9841,
      8.92118,
      8.88868,
      8.82238,
      8.76734,
      8.73587,
      8.68542,
      8.64627,
      8.5821,
      8.53774,
      8.48849,
      8.4554,
      8.425,
      8.37889,
      8.33872,
      8.30601,
      8.258,
      8.22134,
      8.18548,
      8.14299,
      8.12081,
      8.04561,
      8.02989,
      7.99335,
      7.95075,
      7.91807,
      7.88339,
      7.88593,
      7.8556,
      7.80459,
      7.75985,
      7.72854,
      7.70631,
      7.67367,
      7.6443,
      7.61983,
      7.58369,
      7.55212,
      7.52843,
      7.50146,
      7.47322,
      7.45767,
      7.41859,
      7.39605,
      7.36637,
      7.35288,
      7.30593,
      7.30101,
      7.27545,
      7.2602,
      7.2343,
      7.20789,
      7.18051,
      7.15334,
      7.13138,
      7.11236,
      7.10129,
      7.06163,
      7.0561,
      7.03671,
      7.02115,
      6.98337,
      6.9835,
      6.95373,
      6.95421,
      6.90832,
      6.90842,
      6.90545,
      6.87144,
      6.85178,
      6.84736,
      6.8185,
      6.82153,
      6.80948,
      6.78002,
      6.76137,
      6.75305,
      6.72079,
      6.7279,
      6.69276,
      6.67238,
      6.68713,
      6.67043,
      6.63784,
      6.64455,
      6.63461,
      6.60978,
      6.60315,
      6.58374,
      6.57951,
      6.5695,
      6.53635,
      6.53134,
      6.54404,
      6.51995,
      6.51147,
      6.52095,
      6.49922,
      6.47579,
      6.47643,
      6.46146,
      6.44736,
      6.42824,
      6.46068,
      6.42705,
      6.41634,
      6.42933,
      6.40032,
      6.39495,
      6.39479,
      6.37358,
      6.39857,
      6.3796,
      6.36468,
      6.3507,
      6.34732,
      6.3572,
      6.36059,
      6.33663,
      6.32904,
      6.32851,
      6.32939,
      6.31824,
      6.31325,
      6.32733,
      6.30047,
      6.3231,
      6.29093,
      6.29714,
      6.30509,
      6.28753,
      6.29763,
      6.30265,
      6.30054,
      6.28986,
      6.27977,
      6.27317,
      6.28639,
      6.29154,
      6.28588,
      6.28962,
      6.28909,
      6.2805,
      6.26575,
      6.27428,
      6.27829,
      6.27673,
      6.29979,
      6.28329,
      6.3156,
      6.29896,
      6.29222,
      6.29436,
      6.30427,
      6.32207,
      6.30857,
      6.31642,
      6.30279,
      6.30239,
      6.29574,
      6.31756,
      6.3343,
      6.318,
      6.31654,
      6.31731,
      6.33238,
      6.33507,
      6.351,
      6.33134,
      6.33528,
      6.3538,
      6.34991,
      6.35116,
      6.36779,
      6.39372,
      6.40563,
      6.39021,
      6.38257,
      6.3914,
      6.40378,
      6.42218,
      6.42628,
      6.43467,
      6.44443,
      6.45426,
      6.46241,
      6.47058,
      6.47615,
      6.48414,
      6.48328,
      6.50951,
      6.50266,
      6.53476,
      6.51677,
      6.54389,
      6.55087,
      6.55355,
      6.56839,
      6.58108,
      6.60111,
      6.62508,
      6.62651,
      6.51846,
      6.43696,
      6.33128,
      6.22367,
      6.10695,
      6.0471,
      5.92578,
      5.84685,
      5.78153,
      5.69673,
      5.61461,
      5.53973,
      5.46232,
      5.39719,
      5.32636,
      5.27271,
      5.19869,
      5.12368,
      5.06602,
      5.0052,
      4.95035,
      4.89827,
      4.81324,
      4.76783,
      4.71789,
      4.67539,
      4.62648,
      4.5631,
      4.53016,
      4.472,
      4.45267,
      4.38597,
      4.35086,
      4.28277,
      4.25699,
      4.23511,
      4.17673,
      4.13388,
      4.08732,
      4.05027,
      4.01295,
      4.00103,
      3.95116,
      3.90799,
      3.88994,
      3.83469,
      3.81644,
      3.80069,
      3.74508,
      3.73365,
      3.70388,
      3.67549,
      3.63084,
      3.62193,
      3.57638,
      3.5482,
      3.53483,
      3.49913,
      3.49153,
      3.4508,
      3.43061,
      3.40352,
      3.38356,
      3.36647,
      3.34201,
      3.2932,
      3.27111,
      3.25506,
      3.25268,
      3.24047,
      3.20132,
      3.16846,
      3.15548,
      3.12285,
      3.13098,
      3.12657,
      3.0863,
      3.08242,
      3.05463,
      3.02963,
      3.02937,
      3.00471,
      2.96749,
      2.97061,
      2.94851,
      2.94901,
      2.9174,
      2.9064,
      2.89387,
      2.87873,
      2.84649,
      2.83768,
      2.81375,
      2.81631,
      2.80591,
      2.76705,
      2.76454,
      2.75061,
      2.74993,
      2.72301,
      2.70875,
      2.71818,
      2.68607,
      2.70421,
      2.67904,
      2.65023,
      2.65032,
      2.6461,
      2.62003,
      2.60997,
      2.62382,
      2.6091,
      2.59525,
      2.57949,
      2.54849,
      2.56711,
      2.54408,
      2.52646,
      2.54085,
      2.51427,
      2.51656,
      2.49871,
      2.50229,
      2.49805,
      2.48241,
      2.47338,
      2.45888,
      2.46178,
      2.42687,
      2.45206,
      2.43523,
      2.43683,
      2.39547,
      2.38798,
      2.40076,
      2.37248,
      2.38516,
      2.36951,
      2.3739,
      2.37184,
      2.34457,
      2.34759,
      2.33931,
      2.34483,
      2.34849,
      2.32652,
      2.31104,
      2.31197,
      2.32964,
      2.30159,
      2.2871,
      2.28919,
      2.29347,
      2.27539,
      2.26635,
      2.28055,
      2.24564,
      2.25252,
      2.26619,
      2.23982,
      2.27456,
      2.24115,
      2.22049,
      2.23112,
      2.23286,
      2.23727,
      2.22523,
      2.21316,
      2.21447,
      2.20648,
      2.2028,
      2.18898,
      2.19939,
      2.20541,
      2.1883,
      2.18467,
      2.19957,
      2.1912,
      2.166,
      2.17857,
      2.1567,
      2.16431,
      2.16131,
      2.16505,
      2.14051,
      2.15144,
      2.14954,
      2.13955,
      2.17357,
      2.14611,
      2.15322,
      2.12766,
      2.1304,
      2.11602,
      2.11497,
      2.1292,
      2.13271,
      2.12549,
      2.11153,
      2.12215,
      2.14711,
      2.12643,
      2.11998,
      2.09813,
      2.10246,
      2.11884,
      2.1026,
      2.08829,
      2.08671,
      2.09537,
      2.11483,
      2.11892,
      2.11983
    ],
    "intensities": [
      0,
      0,
      0,
      0,
      0,
      0,
      0,
      0,
      0,
      0,
      0,
      0,
      0,
      0,
      0,
      0,
      0,
      0,
      0,
      0,
      0,
      0,
      0,
      0,
      0,
      0,
      0,
      0,
      0,
      0,
      0,
      0,
      0,
      0,
      0,
      0,
      0,
      0,
      0,
      0,
      0,
      0,
      0,
      0,
      0,
      0,
      0,
      0,
      0,
      0,
      0,
      0,
      0,
      0,
      0,
      0,
      0,
      0,
      0,
      0,
      0,
      0,
      0,
      0,
      0,
      0,
      0,
      0,
      0,
      0,
      0,
      0,
      0,
      0,
      0,
      0,
      0,
      0,
      0,
      0,
      0,
      0,
      0,
      0,
      0,
      0,
      0,
      0,
      0,
      0,
      0,
      0,
      0,
      0,
      0,
      0,
      0,
      0,
      0,
      0,
      0,
      0,
      0,
      0,
      0,
      0,
      0,
      0,
      0,
      0,
      0,
      0,
      0,
      0,
      0,
      0,
      0,
      0,
      0,
      0,
      0,
      0,
      0,
      0,
      0,
      0,
      0,
      0,
      0,
      0,
      0,
      0,
      0,
      0,
      0,
      0,
      0,
      0,
      0,
      0,
      0,
      0,
      0,
      0,
      0,
      0,
      0,
      0,
      0,
      0,
      0,
      0,
      0,
      0,
      0,
      0,
      0,
      0,
      0,
      0,
      0,
      0,
      0,
      0,
      0,
      0,
      0,
      0,
      0,
      0,
      0,
      0,
      0,
      0,
      0,
      0,
      0,
      0,
      0,
      0,
      0,
      0,
      0,
      0,
      0,
      0,
      0,
      0,
      0,
      0,
      0,
      0,
      0,
      0,
      0,
      0,
      0,
      0,
      0,
      0,
      0,
      0,
      0,
      0,
      0,
      0,
      0,
      0,
      0,
      0,
      0,
      0,
      0,
      0,
      0,
      0,
      0,
      0,
      0,
      0,
      0,
      0,
      0,
      0,
      0,
      0,
      0,
      0,
      0,
      0,
      0,
      0,
      0,
      0,
      0,
      0,
      0,
      0,
      0,
      0,
      0,
      0,
      0,
      0,
      0,
      0,
      0,
      0,
      0,
      0,
      0,
      0,
      0,
      0,
      0,
      0,
      0,
      0,
      0,
      0,
      0,
      0,
      0,
      0,
      0,
      0,
      0,
      0,
      0,
      0,
      0,
      0,
      0,
      0,
      0,
      0,
      0,
      0,
      0,
      0,
      0,
      0,
      0,
      0,
      0,
      0,
      0,
      0,
      0,
      0,
      0,
      0,
      0,
      0,
      0,
      0,
      0,
      0,
      0,
      0,
      0,
      0,
      0,
      0,
      0,
      0,
      0,
      0,
      0,
      0,
      0,
      0,
      0,
      0,
      0,
      0,
      0,
      0,
      0,
      0,
      0,
      0,
      0,
      0,
      0,
      0,
      0,
      0,
      0,
      0,
      0,
      0,
      0,
      0,
      0,
      0,
      0,
      0,
      0,
      0,
      0,
      0,
      0,
      0,
      0,
      0,
      0,
      0,
      0,
      0,
      0,
      0,
      0,
      0,
      0,
      0,
      0,
      0,
      0,
      0,
      0,
      0,
      0,
      0,
      0,
      0,
      0,
      0,
      0,
      0,
      0,
      0,
      0,
      0,
      0,
      0,
      0,
      0,
      0,
      0,
      0,
      0,
      0,
      0,
      0,
      0,
      0,
      0,
      0,
      0,
      0,
      0,
      0,
      0,
      0,
      0,
      0,
      0,
      0,
      0,
      0,
      0,
      0,
      0,
      0,
      0,
      0,
      0,
      0,
      0,
      0,
      0,
      0,
      0,
      0,
      0,
      0,
      0,
      0,
      0,
      0,
      0,
      0,
      0,
      0,
      0,
      0,
      0,
      0,
      0,
      0,
      0,
      0,
      0,
      0,
      0,
      0,
      0,
      0,
      0,
      0,
      0,
      0,
      0,
      0,
      0,
      0,
      0,
      0,
      0,
      0,
      0,
      0,
      0,
      0,
      0,
      0,
      0,
      0,
      0,
      0,
      0,
      0,
      0,
      0,
      0,
      0,
      0,
      0,
      0,
      0,
      0,
      0,
      0,
      0,
      0,
      0,
      0,
      0,
      0,
      0,
      0,
      0,
      0,
      0,
      0,
      0,
      0,
      0,
      0,
      0,
      0,
      0,
      0,
      0,
      0,
      0,
      0,
      0,
      0,
      0,
      0,
      0,
      0,
      0,
      0,
      0,
      0,
      0,
      0,
      0,
      0,
      0,
      0,
      0,
      0,
      0,
      0,
      0,
      0,
      0,
      0,
      0,
      0,
      0,
      0,
      0,
      0,
      0,
      0,
      0,
      0,
      0,
      0,
      0,
      0,
      0,
      0,
      0,
      0,
      0,
      0,
      0,
      0,
      0,
      0,
      0,
      0,
      0,
      0,
      0,
      0,
      0,
      0,
      0,
      0,
      0,
      0,
      0,
      0,
      0,
      0,
      0,
      0,
      0,
      0,
      0,
      0,
      0,
      0,
      0,
      0,
      0,
      0,
      0,
      0,
      0,
      0,
      0,
      0,
      0,
      0,
      0,
      0,
      0,
      0,
      0,
      0,
      0,
      0,
      0,
      0,
      0,
      0,
      0,
      0,
      0,
      0,
      0,
      0,
      0,
      0,
      0,
      0,
      0,
      0,
      0,
      0,
      0,
      0,
      0,
      0,
      0,
      0,
      0,
      0,
      0,
      0,
      0,
      0,
      0,
      0,
      0,
      0,
      0,
      0,
      0,
      0,
      0,
      0,
      0,
      0,
      0,
      0,
      0,
      0,
      0,
      0,
      0,
      0,
      0,
      0,
      0,
      0,
      0,
      0,
      0,
      0,
      0,
      0,
      0,
      0,
      0,
      0,
      0,
      0,
      0,
      0,
      0,
      0,
      0,
      0,
      0,
      0,
      0,
      0,
      0,
      0,
      0,
      0,
      0,
      0,
      0,
      0,
      0,
      0,
      0,
      0,
      0,
      0,
      0,
      0,
      0,
      0,
      0,
      0,
      0,
      0,
      0,
      0,
      0,
      0,
      0,
      0,
      0,
      0,
      0,
      0,
      0,
      0,
      0,
      0,
      0,
      0,
      0,
      0,
      0,
      0,
      0,
      0,
      0,
      0,
      0,
      0,
      0,
      0,
      0,
      0,
      0,
      0,
      0,
      0,
      0,
      0,
      0,
      0,
      0,
      0,
      0,
      0,
      0,
      0,
      0,
      0,
      0,
      0,
      0,
      0,
      0,
      0,
      0,
      0,
      0,
      0,
      0,
      0,
      0,
      0,
      0,
      0,
      0,
      0,
      0,
      0,
      0,
      0,
      0,
      0,
      0,
      0,
      0,
      0,
      0,
      0,
      0,
      0,
      0,
      0,
      0,
      0,
      0,
      0,
      0,
      0,
      0,
      0,
      0,
      0,
      0,
      0,
      0,
      0,
      0,
      0,
      0,
      0,
      0,
      0,
      0,
      0,
      0,
      0,
      0,
      0,
      0,
      0,
      0,
      0,
      0,
      0,
      0,
      0,
      0,
      0,
      0,
      0,
      0,
      0,
      0,
      0,
      0,
      0,
      0,
      0,
      0,
      0,
      0,
      0,
      0,
      0,
      0,
      0,
      0,
      0,
      0,
      0,
      0,
      0,
      0,
      0,
      0,
      0,
      0,
      0,
      0,
      0,
      0,
      0,
      0,
      0,
      0,
      0,
      0,
      0,
      0,
      0,
      0,
      0,
      0,
      0,
      0,
      0,
      0,
      0,
      0,
      0,
      0,
      0,
      0,
      0,
      0,
      0,
      0,
      0,
      0,
      0,
      0,
      0,
      0,
      0,
      0,
      0,
      0,
      0,
      0,
      0,
      0,
      0,
      0,
      0,
      0,
      0,
      0,
      0,
      0,
      0,
      0,
      0,
      0,
      0,
      0,
      0,
      0,
      0,
      0,
      0,
      0,
      0,
      0,
      0,
      0,
      0,
      0,
      0,
      0,
      0,
      0,
      0,
      0,
      0,
      0,
      0,
      0,
      0,
      0,
      0,
      0,
      0,
      0,
      0,
      0,
      0,
      0,
      0,
      0,
      0,
      0,
      0,
      0,
      0,
      0,
      0,
      0,
      0,
      0,
      0,
      0,
      0,
      0,
      0,
      0,
      0,
      0,
      0,
      0,
      0,
      0,
      0,
      0,
      0,
      0,
      0,
      0,
      0,
      0,
      0,
      0,
      0,
      0,
      0,
      0,
      0,
      0,
      0,
      0,
      0,
      0,
      0,
      0,
      0,
      0,
      0,
      0,
      0,
      0,
      0,
      0,
      0,
      0,
      0,
      0,
      0,
      0,
      0,
      0,
      0,
      0,
      0,
      0,
      0,
      0,
      0,
      0,
      0,
      0,
      0,
      0,
      0,
      0,
      0,
      0,
      0,
      0,
      0,
      0,
      0,
      0,
      0,
      0,
      0,
      0,
      0,
      0,
      0,
      0,
      0,
      0,
      0,
      0,
      0,
      0,
      0,
      0,
      0,
      0,
      0,
      0,
      0,
      0,
      0,
      0,
      0,
      0,
      0,
      0,
      0,
      0,
      0,
      0,
      0,
      0,
      0,
      0,
      0,
      0,
      0,
      0,
      0,
      0,
      0,
      0,
      0,
      0,
      0,
      0,
      0,
      0,
      0,
      0,
      0,
      0,
      0,
      0,
      0,
      0,
      0,
      0,
      0,
      0,
      0,
      0,
      0,
      0,
      0,
      0,
      0,
      0,
      0,
      0,
      0
    ]
  },
  "action_history": []
}Initialization complete, starting file monitoring
Executing command: 'z'
Full stop (ZERO) - all movement values set to 0
Executing command: 'z'
Full stop (ZERO) - all movement values set to 0
Executing command: 'z'
Full stop (ZERO) - all movement values set to 0
Executing command: 'z'
Full stop (ZERO) - all movement values set to 0
Executing command: 'z'
Full stop (ZERO) - all movement values set to 0
Executing command: 'z'
Full stop (ZERO) - all movement values set to 0
Executing command: 'z'
Full stop (ZERO) - all movement values set to 0
Executing command: 'z'
Full stop (ZERO) - all movement values set to 0
Executing command: 'z'
Full stop (ZERO) - all movement values set to 0
Executing command: 'z'
Full stop (ZERO) - all movement values set to 0
Executing command: 'z'
Full stop (ZERO) - all movement values set to 0
Executing command: 'z'
Full stop (ZERO) - all movement values set to 0
Executing command: 'z'
Full stop (ZERO) - all movement values set to 0
Executing command: 'z'
Full stop (ZERO) - all movement values set to 0
Executing command: 'z'
Full stop (ZERO) - all movement values set to 0
Executing command: 'J'
Executing command: 'J'
Executing command: 'J'
Executing command: 'J'
Executing command: 'J'
Executing command: 'J'
Executing command: 'J'
Executing command: 'J'
Executing command: 'J'
Executing command: 'J'
Executing command: 'J'
Executing command: 'J'
Executing command: 'J'
Executing command: 'J'
Executing command: 'J'
Executing command: 'J'
Executing command: 'J'
Executing command: 'J'
Executing command: 'J'
Executing command: 'J'


[INFO] Sending request to server at http://141.219.171.151:5000/get_action...

--- ACTION PLAN RECEIVED ---
{
  "key": "J",
  "time": 0.53
}
[✓] Action plan saved in text format to: /home/shivayogiakki/action_plan.txt

--- DATA TO BE SENT ---
{
  "lidar_data": {
    "header": {
      "seq": 54,
      "stamp": {
        "secs": 538,
        "nsecs": 523000000
      },
      "frame_id": "laser"
    },
    "angle_min": -3,
    "angle_max": 3,
    "angle_increment": 0.0055607,
    "time_increment": 0,
    "scan_time": 0,
    "range_min": 0.1,
    "range_max": 30,
    "ranges": [
      2.35138,
      2.36846,
      2.36683,
      2.3731,
      2.36573,
      2.36824,
      2.37123,
      2.38223,
      2.39395,
      2.39259,
      2.38176,
      2.41619,
      2.41045,
      2.4331,
      2.41336,
      2.45031,
      2.44178,
      2.44774,
      2.46307,
      2.46832,
      2.47496,
      2.47473,
      2.48825,
      2.47718,
      2.49764,
      2.51863,
      2.52719,
      2.53935,
      2.54177,
      2.52229,
      2.54199,
      2.55044,
      2.55235,
      2.59623,
      2.58419,
      2.59138,
      2.6207,
      2.6133,
      2.62263,
      2.63514,
      2.63288,
      2.64786,
      2.65001,
      2.6647,
      2.68802,
      2.68721,
      2.70119,
      2.71078,
      2.71476,
      2.74506,
      2.74881,
      2.77217,
      2.76127,
      2.79126,
      2.78307,
      2.80531,
      2.81403,
      2.83291,
      2.84692,
      2.86814,
      2.86952,
      2.85483,
      2.89684,
      2.90882,
      2.91682,
      2.91749,
      2.94155,
      2.98199,
      2.98781,
      3.02152,
      3.01703,
      3.02428,
      3.04731,
      3.04407,
      3.09108,
      3.09462,
      3.11251,
      3.13235,
      3.15303,
      3.15525,
      3.20294,
      3.19422,
      3.22621,
      3.24422,
      3.24969,
      3.28498,
      3.27735,
      3.3306,
      3.36045,
      3.36752,
      3.38411,
      3.41046,
      3.41406,
      3.44752,
      3.48678,
      3.50478,
      3.51894,
      3.56779,
      3.57946,
      3.60079,
      3.61218,
      3.66771,
      3.6924,
      3.70966,
      3.72432,
      3.75856,
      3.81993,
      3.82116,
      3.86427,
      3.895,
      3.92663,
      3.95455,
      3.97101,
      4.00229,
      4.027,
      4.07166,
      4.09373,
      4.15368,
      4.1957,
      4.21325,
      4.28538,
      4.31315,
      4.35779,
      4.40149,
      4.4298,
      4.48849,
      4.51399,
      4.57124,
      4.64078,
      4.66436,
      4.73247,
      4.71658,
      4.70198,
      4.6966,
      4.66402,
      4.6606,
      4.64674,
      4.64262,
      4.63926,
      4.58911,
      4.60121,
      4.57747,
      4.58822,
      4.57592,
      4.55217,
      4.53936,
      4.52763,
      4.52662,
      4.50977,
      4.49979,
      4.49914,
      4.48436,
      4.45511,
      4.46529,
      4.4469,
      4.44399,
      4.44637,
      4.43053,
      4.40924,
      4.40921,
      4.39865,
      4.40749,
      4.38549,
      4.38341,
      4.36973,
      4.35927,
      4.3487,
      4.34065,
      4.3356,
      4.31574,
      4.33096,
      4.33341,
      4.31991,
      4.3305,
      4.30632,
      4.29922,
      4.28106,
      4.2902,
      4.28437,
      4.28895,
      4.2658,
      4.27202,
      4.26921,
      4.25431,
      4.26181,
      4.26422,
      4.24654,
      4.24485,
      4.23323,
      4.22683,
      4.227,
      4.21877,
      4.2421,
      4.20714,
      4.21521,
      4.2031,
      4.19911,
      4.19018,
      4.21233,
      4.208,
      4.20964,
      4.19379,
      4.19741,
      4.18086,
      4.19955,
      4.19864,
      4.20241,
      4.18394,
      4.19883,
      4.1808,
      4.20173,
      4.17442,
      4.19622,
      4.18826,
      4.19879,
      4.17067,
      4.18162,
      4.18056,
      4.20785,
      4.17481,
      4.16232,
      4.19235,
      4.1795,
      4.178,
      4.19264,
      4.18275,
      4.17358,
      4.17746,
      4.18675,
      4.17583,
      4.19966,
      4.18745,
      4.20611,
      4.18633,
      4.20738,
      4.21105,
      4.20699,
      4.22864,
      4.19896,
      4.20986,
      4.22112,
      4.22803,
      4.21508,
      4.23641,
      4.23943,
      4.23637,
      4.23466,
      4.23943,
      4.25813,
      4.25299,
      4.2578,
      4.26493,
      4.26504,
      4.27102,
      4.27921,
      4.28506,
      4.26876,
      4.28186,
      4.28231,
      4.29889,
      4.33652,
      4.30273,
      4.30429,
      4.31531,
      4.33389,
      4.34802,
      4.3245,
      4.36382,
      4.3442,
      4.34094,
      4.36354,
      4.36569,
      4.39496,
      4.38574,
      4.37287,
      4.40098,
      4.41312,
      4.42768,
      4.43705,
      4.43291,
      4.45832,
      4.46402,
      4.47133,
      4.47989,
      4.46832,
      4.48384,
      4.52338,
      4.52206,
      4.53654,
      4.5448,
      4.53936,
      4.55301,
      4.57242,
      4.58116,
      4.60337,
      4.62202,
      4.60663,
      4.64199,
      4.64528,
      4.66139,
      4.67325,
      4.68581,
      4.68923,
      4.7255,
      4.73215,
      4.74248,
      4.74648,
      4.75657,
      4.78397,
      4.79429,
      4.81318,
      4.85075,
      4.84995,
      4.86601,
      4.88163,
      4.89397,
      4.91741,
      4.93767,
      4.95189,
      4.95867,
      4.98808,
      5.01518,
      5.01339,
      5.03185,
      5.04,
      5.07096,
      5.09335,
      5.09612,
      5.11632,
      5.14699,
      5.15946,
      5.19724,
      5.20456,
      5.25915,
      5.29157,
      5.27794,
      5.29602,
      5.33436,
      5.36219,
      5.36603,
      5.40962,
      5.42631,
      5.44594,
      5.46311,
      5.4905,
      5.53156,
      5.55202,
      5.58002,
      5.61002,
      5.62276,
      5.67308,
      5.68089,
      5.71256,
      5.75722,
      5.77207,
      5.80662,
      5.84752,
      5.88017,
      5.91232,
      5.9513,
      5.97473,
      6.00689,
      6.04494,
      6.08476,
      6.10895,
      6.15479,
      6.17778,
      6.21446,
      6.28394,
      6.29007,
      6.33263,
      6.38712,
      6.42921,
      6.46136,
      6.53168,
      6.56368,
      6.5928,
      6.65067,
      6.69643,
      6.74209,
      6.79211,
      6.83166,
      6.89413,
      6.93952,
      6.99422,
      7.03862,
      7.09854,
      7.15887,
      7.22107,
      7.25969,
      7.32076,
      7.37066,
      7.44461,
      7.49705,
      7.57095,
      7.63963,
      7.69477,
      7.75929,
      7.82536,
      7.89508,
      7.97009,
      8.03967,
      8.10429,
      8.18631,
      8.26867,
      8.33679,
      8.44061,
      8.51544,
      8.57286,
      8.68653,
      8.78011,
      8.85991,
      8.94464,
      9.03526,
      9.1514,
      9.24617,
      9.3327,
      9.44775,
      9.56057,
      9.68482,
      9.79459,
      9.91028,
      10.0174,
      10.1517,
      10.2823,
      10.4215,
      10.5286,
      10.6943,
      10.8013,
      10.9718,
      11.1206,
      11.2908,
      11.426,
      11.5849,
      11.7592,
      11.9388,
      12.1241,
      12.3071,
      12.503,
      12.6963,
      12.849,
      12.8233,
      12.7885,
      12.7591,
      12.7568,
      12.7273,
      12.7119,
      12.685,
      12.6717,
      12.6442,
      12.6285,
      12.5972,
      12.5781,
      12.5812,
      12.562,
      12.5464,
      12.518,
      12.4867,
      12.4822,
      12.4597,
      12.4467,
      12.4406,
      12.4016,
      12.4005,
      12.3928,
      12.386,
      12.3683,
      12.3371,
      12.3445,
      12.3206,
      12.2939,
      12.2985,
      12.2849,
      12.2617,
      12.2717,
      12.2726,
      12.2603,
      12.2389,
      12.2469,
      12.2186,
      12.2168,
      12.1988,
      12.2151,
      12.2134,
      12.2013,
      12.1925,
      12.1671,
      12.1849,
      12.1607,
      12.1613,
      12.1719,
      12.1812,
      12.1628,
      12.151,
      12.1595,
      12.1459,
      12.1614,
      12.1463,
      12.1459,
      12.1424,
      12.1553,
      12.147,
      12.1619,
      12.1763,
      12.1747,
      12.1396,
      12.1652,
      12.1562,
      12.1773,
      12.1859,
      12.1884,
      12.1871,
      12.1939,
      12.1932,
      12.1962,
      12.1996,
      12.2164,
      12.2259,
      12.2232,
      12.2198,
      12.213,
      12.2508,
      12.247,
      12.2651,
      12.2683,
      12.2796,
      12.2783,
      12.3013,
      12.3119,
      12.3294,
      12.3139,
      12.3338,
      12.3267,
      12.366,
      12.3876,
      12.3946,
      12.4192,
      12.4248,
      12.4559,
      12.4533,
      12.4817,
      12.4993,
      12.4848,
      12.5056,
      12.5333,
      12.5628,
      12.5413,
      12.5881,
      12.6053,
      12.6267,
      12.6417,
      12.6749,
      20.6516,
      20.6887,
      20.7174,
      20.5894,
      20.2265,
      19.8857,
      19.5595,
      19.2572,
      18.9402,
      18.6604,
      18.3818,
      18.0994,
      17.8223,
      17.563,
      17.3097,
      17.0759,
      16.8416,
      16.607,
      16.3827,
      16.1614,
      15.9328,
      15.7382,
      15.5569,
      13.3894,
      13.2789,
      13.3203,
      13.3706,
      13.3805,
      13.435,
      13.4732,
      13.4894,
      13.5435,
      13.5716,
      13.6128,
      13.5128,
      13.3842,
      13.243,
      13.1288,
      12.9772,
      12.862,
      12.7186,
      12.5992,
      12.467,
      12.3572,
      12.2534,
      12.1255,
      12.0106,
      11.9354,
      11.8164,
      11.7099,
      11.6214,
      11.511,
      11.4029,
      11.3197,
      11.2063,
      11.1242,
      11.0296,
      10.9548,
      10.8563,
      10.75,
      10.684,
      10.6104,
      10.5225,
      10.4575,
      10.3685,
      10.2865,
      10.2409,
      10.1535,
      10.0814,
      10.0006,
      9.93875,
      9.87918,
      9.80268,
      9.74497,
      9.67095,
      9.59283,
      9.55257,
      9.50514,
      9.44772,
      9.37553,
      9.32252,
      9.27862,
      9.19214,
      9.17362,
      9.10278,
      9.04871,
      9.01292,
      8.94431,
      8.87789,
      8.85162,
      8.80884,
      8.75647,
      8.71829,
      8.65472,
      8.60558,
      8.55464,
      8.52454,
      8.47391,
      8.43666,
      8.3979,
      8.34365,
      8.30013,
      8.27407,
      8.21191,
      8.18367,
      8.15658,
      8.08987,
      8.07162,
      8.03551,
      8.02328,
      7.98236,
      7.94252,
      7.91142,
      7.87467,
      7.84292,
      7.815,
      7.78244,
      7.72958,
      7.71997,
      7.69217,
      7.6384,
      7.6183,
      7.57404,
      7.57191,
      7.52728,
      7.50285,
      7.49715,
      7.44161,
      7.41804,
      7.40521,
      7.36049,
      7.35284,
      7.33258,
      7.31554,
      7.27969,
      7.25218,
      7.21211,
      7.21016,
      7.1821,
      7.16867,
      7.14565,
      7.1314,
      7.0889,
      7.08807,
      7.06781,
      7.03838,
      7.00653,
      6.977,
      6.98401,
      6.96726,
      6.95025,
      6.91206,
      6.91545,
      6.90088,
      6.87273,
      6.8546,
      6.84661,
      6.83572,
      6.80565,
      6.77693,
      6.76451,
      6.76094,
      6.73997,
      6.72136,
      6.70545,
      6.69883,
      6.69461,
      6.68294,
      6.66336,
      6.63124,
      6.64342,
      6.62252,
      6.61689,
      6.59268,
      6.5845,
      6.59039,
      6.54743,
      6.53866,
      6.52686,
      6.54685,
      6.51838,
      6.49097,
      6.48722,
      6.47353,
      6.47907,
      6.4555,
      6.4489,
      6.45594,
      6.44025,
      6.44724,
      6.43604,
      6.42942,
      6.4249,
      6.40657,
      6.39953,
      6.37418,
      6.37492,
      6.36027,
      6.37144,
      6.34599,
      6.35013,
      6.33933,
      6.33377,
      6.34372,
      6.3568,
      6.31446,
      6.32369,
      6.3132,
      6.32983,
      6.32319,
      6.29461,
      6.28593,
      6.29826,
      6.30874,
      6.28837,
      6.27988,
      6.27379,
      6.27528,
      6.27399,
      6.28002,
      6.28062,
      6.26865,
      6.28099,
      6.27083,
      6.27128,
      6.2697,
      6.27132,
      6.26835,
      6.25879,
      6.27817,
      6.25781,
      6.26227,
      6.27508,
      6.27414,
      6.27075,
      6.26714,
      6.26128,
      6.26206,
      6.27042,
      6.28506,
      6.27407,
      6.28537,
      6.2891,
      6.3024,
      6.29836,
      6.26107,
      6.30068,
      6.31331,
      6.28812,
      6.28855,
      6.30207,
      6.31781,
      6.31191,
      6.31883,
      6.3265,
      6.31627,
      6.33903,
      6.33825,
      6.35502,
      6.34367,
      6.36258,
      6.348,
      6.37202,
      6.39344,
      6.38087,
      6.39841,
      6.40767,
      6.40893,
      6.41837,
      6.41041,
      6.4163,
      6.43266,
      6.44878,
      6.44876,
      6.46296,
      6.47268,
      6.47767,
      6.4943,
      6.50835,
      6.51337,
      6.5225,
      6.52557,
      6.51709,
      6.54448,
      6.55631,
      6.57677,
      6.57928,
      6.59833,
      6.60475,
      6.6202,
      6.63928,
      6.57375,
      6.47801,
      6.38702,
      6.27,
      6.20488,
      6.11702,
      6.03504,
      5.93857,
      5.86075,
      5.78675,
      5.7033,
      5.61488,
      5.55138,
      5.47469,
      5.41777,
      5.3517,
      5.29201,
      5.21279,
      5.15524,
      5.0964,
      5.04437,
      4.97224,
      4.93337,
      4.86427,
      4.80174,
      4.7553,
      4.72535,
      4.67232,
      4.61967,
      4.57057,
      4.52459,
      4.47121,
      4.42292,
      4.40025,
      4.35182,
      4.30426,
      4.27988,
      4.22591,
      4.18262,
      4.15384,
      4.11143,
      4.08988,
      4.04326,
      4.00715,
      3.9882,
      3.96443,
      3.90186,
      3.87615,
      3.85065,
      3.82816,
      3.7717,
      3.76302,
      3.73941,
      3.70576,
      3.67983,
      3.64641,
      3.6222,
      3.5873,
      3.57808,
      3.55647,
      3.52048,
      3.49738,
      3.46653,
      3.44556,
      3.42764,
      3.38822,
      3.38726,
      3.36058,
      3.33182,
      3.3243,
      3.2947,
      3.28496,
      3.2533,
      3.22766,
      3.21718,
      3.21091,
      3.17919,
      3.17062,
      3.14277,
      3.14387,
      3.12193,
      3.10622,
      3.06736,
      3.07092,
      3.03406,
      3.0224,
      2.99643,
      2.99567,
      2.99107,
      2.94554,
      2.93538,
      2.92951,
      2.90765,
      2.9145,
      2.89416,
      2.87541,
      2.8729,
      2.83999,
      2.82872,
      2.8391,
      2.80411,
      2.79713,
      2.79787,
      2.77541,
      2.75328,
      2.75072,
      2.7513,
      2.74093,
      2.71536,
      2.71199,
      2.70584,
      2.68147,
      2.68083,
      2.66249,
      2.67243,
      2.6443,
      2.65019,
      2.643,
      2.6346,
      2.60341,
      2.60567,
      2.60179,
      2.57211,
      2.57221,
      2.55645,
      2.54982,
      2.53778,
      2.53027,
      2.51355,
      2.52474,
      2.51382,
      2.50294,
      2.51288,
      2.499,
      2.47509,
      2.47641,
      2.45888,
      2.45121,
      2.46208,
      2.46238,
      2.46045,
      2.44201,
      2.44278,
      2.41765,
      2.42539,
      2.4188,
      2.41193,
      2.40239,
      2.39597,
      2.37054,
      2.37859,
      2.38173,
      2.37244,
      2.3731,
      2.37448,
      2.34313,
      2.3591,
      2.3446,
      2.33795,
      2.33347,
      2.34118,
      2.32852,
      2.29883,
      2.31718,
      2.29834,
      2.29869,
      2.29409,
      2.28265,
      2.28858,
      2.29576,
      2.28295,
      2.29009,
      2.27748,
      2.27122,
      2.27504,
      2.26495,
      2.26582,
      2.27431,
      2.26052,
      2.25857,
      2.2537,
      2.25894,
      2.25128,
      2.25981,
      2.24498,
      2.23609,
      2.22978,
      2.24719,
      2.2267,
      2.24123,
      2.22452,
      2.23733,
      2.223,
      2.23852,
      2.22013,
      2.21753,
      2.22165,
      2.21909,
      2.20791,
      2.21033,
      2.21338,
      2.21434,
      2.18711,
      2.2035,
      2.22617,
      2.20874,
      2.19812,
      2.21688,
      2.22813,
      2.2242,
      2.20907,
      2.18619,
      2.20035,
      2.19323,
      2.2046,
      2.19598,
      2.1966,
      2.20001,
      2.18382,
      2.20569,
      2.21674,
      2.18719,
      2.19376,
      2.1954,
      2.19414,
      2.18294,
      2.17656,
      2.19879,
      2.19161,
      2.19373,
      2.20052,
      2.19712,
      2.22035,
      2.1918,
      2.20782,
      2.20373,
      2.21895
    ],
    "intensities": [
      0,
      0,
      0,
      0,
      0,
      0,
      0,
      0,
      0,
      0,
      0,
      0,
      0,
      0,
      0,
      0,
      0,
      0,
      0,
      0,
      0,
      0,
      0,
      0,
      0,
      0,
      0,
      0,
      0,
      0,
      0,
      0,
      0,
      0,
      0,
      0,
      0,
      0,
      0,
      0,
      0,
      0,
      0,
      0,
      0,
      0,
      0,
      0,
      0,
      0,
      0,
      0,
      0,
      0,
      0,
      0,
      0,
      0,
      0,
      0,
      0,
      0,
      0,
      0,
      0,
      0,
      0,
      0,
      0,
      0,
      0,
      0,
      0,
      0,
      0,
      0,
      0,
      0,
      0,
      0,
      0,
      0,
      0,
      0,
      0,
      0,
      0,
      0,
      0,
      0,
      0,
      0,
      0,
      0,
      0,
      0,
      0,
      0,
      0,
      0,
      0,
      0,
      0,
      0,
      0,
      0,
      0,
      0,
      0,
      0,
      0,
      0,
      0,
      0,
      0,
      0,
      0,
      0,
      0,
      0,
      0,
      0,
      0,
      0,
      0,
      0,
      0,
      0,
      0,
      0,
      0,
      0,
      0,
      0,
      0,
      0,
      0,
      0,
      0,
      0,
      0,
      0,
      0,
      0,
      0,
      0,
      0,
      0,
      0,
      0,
      0,
      0,
      0,
      0,
      0,
      0,
      0,
      0,
      0,
      0,
      0,
      0,
      0,
      0,
      0,
      0,
      0,
      0,
      0,
      0,
      0,
      0,
      0,
      0,
      0,
      0,
      0,
      0,
      0,
      0,
      0,
      0,
      0,
      0,
      0,
      0,
      0,
      0,
      0,
      0,
      0,
      0,
      0,
      0,
      0,
      0,
      0,
      0,
      0,
      0,
      0,
      0,
      0,
      0,
      0,
      0,
      0,
      0,
      0,
      0,
      0,
      0,
      0,
      0,
      0,
      0,
      0,
      0,
      0,
      0,
      0,
      0,
      0,
      0,
      0,
      0,
      0,
      0,
      0,
      0,
      0,
      0,
      0,
      0,
      0,
      0,
      0,
      0,
      0,
      0,
      0,
      0,
      0,
      0,
      0,
      0,
      0,
      0,
      0,
      0,
      0,
      0,
      0,
      0,
      0,
      0,
      0,
      0,
      0,
      0,
      0,
      0,
      0,
      0,
      0,
      0,
      0,
      0,
      0,
      0,
      0,
      0,
      0,
      0,
      0,
      0,
      0,
      0,
      0,
      0,
      0,
      0,
      0,
      0,
      0,
      0,
      0,
      0,
      0,
      0,
      0,
      0,
      0,
      0,
      0,
      0,
      0,
      0,
      0,
      0,
      0,
      0,
      0,
      0,
      0,
      0,
      0,
      0,
      0,
      0,
      0,
      0,
      0,
      0,
      0,
      0,
      0,
      0,
      0,
      0,
      0,
      0,
      0,
      0,
      0,
      0,
      0,
      0,
      0,
      0,
      0,
      0,
      0,
      0,
      0,
      0,
      0,
      0,
      0,
      0,
      0,
      0,
      0,
      0,
      0,
      0,
      0,
      0,
      0,
      0,
      0,
      0,
      0,
      0,
      0,
      0,
      0,
      0,
      0,
      0,
      0,
      0,
      0,
      0,
      0,
      0,
      0,
      0,
      0,
      0,
      0,
      0,
      0,
      0,
      0,
      0,
      0,
      0,
      0,
      0,
      0,
      0,
      0,
      0,
      0,
      0,
      0,
      0,
      0,
      0,
      0,
      0,
      0,
      0,
      0,
      0,
      0,
      0,
      0,
      0,
      0,
      0,
      0,
      0,
      0,
      0,
      0,
      0,
      0,
      0,
      0,
      0,
      0,
      0,
      0,
      0,
      0,
      0,
      0,
      0,
      0,
      0,
      0,
      0,
      0,
      0,
      0,
      0,
      0,
      0,
      0,
      0,
      0,
      0,
      0,
      0,
      0,
      0,
      0,
      0,
      0,
      0,
      0,
      0,
      0,
      0,
      0,
      0,
      0,
      0,
      0,
      0,
      0,
      0,
      0,
      0,
      0,
      0,
      0,
      0,
      0,
      0,
      0,
      0,
      0,
      0,
      0,
      0,
      0,
      0,
      0,
      0,
      0,
      0,
      0,
      0,
      0,
      0,
      0,
      0,
      0,
      0,
      0,
      0,
      0,
      0,
      0,
      0,
      0,
      0,
      0,
      0,
      0,
      0,
      0,
      0,
      0,
      0,
      0,
      0,
      0,
      0,
      0,
      0,
      0,
      0,
      0,
      0,
      0,
      0,
      0,
      0,
      0,
      0,
      0,
      0,
      0,
      0,
      0,
      0,
      0,
      0,
      0,
      0,
      0,
      0,
      0,
      0,
      0,
      0,
      0,
      0,
      0,
      0,
      0,
      0,
      0,
      0,
      0,
      0,
      0,
      0,
      0,
      0,
      0,
      0,
      0,
      0,
      0,
      0,
      0,
      0,
      0,
      0,
      0,
      0,
      0,
      0,
      0,
      0,
      0,
      0,
      0,
      0,
      0,
      0,
      0,
      0,
      0,
      0,
      0,
      0,
      0,
      0,
      0,
      0,
      0,
      0,
      0,
      0,
      0,
      0,
      0,
      0,
      0,
      0,
      0,
      0,
      0,
      0,
      0,
      0,
      0,
      0,
      0,
      0,
      0,
      0,
      0,
      0,
      0,
      0,
      0,
      0,
      0,
      0,
      0,
      0,
      0,
      0,
      0,
      0,
      0,
      0,
      0,
      0,
      0,
      0,
      0,
      0,
      0,
      0,
      0,
      0,
      0,
      0,
      0,
      0,
      0,
      0,
      0,
      0,
      0,
      0,
      0,
      0,
      0,
      0,
      0,
      0,
      0,
      0,
      0,
      0,
      0,
      0,
      0,
      0,
      0,
      0,
      0,
      0,
      0,
      0,
      0,
      0,
      0,
      0,
      0,
      0,
      0,
      0,
      0,
      0,
      0,
      0,
      0,
      0,
      0,
      0,
      0,
      0,
      0,
      0,
      0,
      0,
      0,
      0,
      0,
      0,
      0,
      0,
      0,
      0,
      0,
      0,
      0,
      0,
      0,
      0,
      0,
      0,
      0,
      0,
      0,
      0,
      0,
      0,
      0,
      0,
      0,
      0,
      0,
      0,
      0,
      0,
      0,
      0,
      0,
      0,
      0,
      0,
      0,
      0,
      0,
      0,
      0,
      0,
      0,
      0,
      0,
      0,
      0,
      0,
      0,
      0,
      0,
      0,
      0,
      0,
      0,
      0,
      0,
      0,
      0,
      0,
      0,
      0,
      0,
      0,
      0,
      0,
      0,
      0,
      0,
      0,
      0,
      0,
      0,
      0,
      0,
      0,
      0,
      0,
      0,
      0,
      0,
      0,
      0,
      0,
      0,
      0,
      0,
      0,
      0,
      0,
      0,
      0,
      0,
      0,
      0,
      0,
      0,
      0,
      0,
      0,
      0,
      0,
      0,
      0,
      0,
      0,
      0,
      0,
      0,
      0,
      0,
      0,
      0,
      0,
      0,
      0,
      0,
      0,
      0,
      0,
      0,
      0,
      0,
      0,
      0,
      0,
      0,
      0,
      0,
      0,
      0,
      0,
      0,
      0,
      0,
      0,
      0,
      0,
      0,
      0,
      0,
      0,
      0,
      0,
      0,
      0,
      0,
      0,
      0,
      0,
      0,
      0,
      0,
      0,
      0,
      0,
      0,
      0,
      0,
      0,
      0,
      0,
      0,
      0,
      0,
      0,
      0,
      0,
      0,
      0,
      0,
      0,
      0,
      0,
      0,
      0,
      0,
      0,
      0,
      0,
      0,
      0,
      0,
      0,
      0,
      0,
      0,
      0,
      0,
      0,
      0,
      0,
      0,
      0,
      0,
      0,
      0,
      0,
      0,
      0,
      0,
      0,
      0,
      0,
      0,
      0,
      0,
      0,
      0,
      0,
      0,
      0,
      0,
      0,
      0,
      0,
      0,
      0,
      0,
      0,
      0,
      0,
      0,
      0,
      0,
      0,
      0,
      0,
      0,
      0,
      0,
      0,
      0,
      0,
      0,
      0,
      0,
      0,
      0,
      0,
      0,
      0,
      0,
      0,
      0,
      0,
      0,
      0,
      0,
      0,
      0,
      0,
      0,
      0,
      0,
      0,
      0,
      0,
      0,
      0,
      0,
      0,
      0,
      0,
      0,
      0,
      0,
      0,
      0,
      0,
      0,
      0,
      0,
      0,
      0,
      0,
      0,
      0,
      0,
      0,
      0,
      0,
      0,
      0,
      0,
      0,
      0,
      0,
      0,
      0,
      0,
      0,
      0,
      0,
      0,
      0,
      0,
      0,
      0,
      0,
      0,
      0,
      0,
      0,
      0,
      0,
      0,
      0,
      0,
      0,
      0,
      0,
      0,
      0,
      0,
      0,
      0,
      0,
      0,
      0,
      0,
      0,
      0,
      0,
      0,
      0,
      0,
      0,
      0,
      0,
      0,
      0,
      0,
      0,
      0,
      0,
      0,
      0,
      0,
      0,
      0,
      0,
      0,
      0,
      0,
      0,
      0,
      0,
      0,
      0,
      0,
      0,
      0,
      0,
      0,
      0,
      0,
      0,
      0,
      0,
      0,
      0,
      0,
      0,
      0,
      0,
      0,
      0,
      0,
      0,
      0,
      0,
      0,
      0,
      0,
      0,
      0,
      0,
      0,
      0,
      0,
      0,
      0,
      0,
      0,
      0,
      0,
      0,
      0,
      0,
      0,
      0,
      0,
      0,
      0,
      0,
      0,
      0,
      0,
      0,
      0,
      0,
      0,
      0
    ]
  },
  "action_history": [
    {
      "key": "J",
      "time": 0.53
    }
  ]
}Executing command: 'J'
Executing command: 'J'
Executing command: 'J'
Executing command: 'J'
Executing command: 'J'
Executing command: 'J'
Executing command: 'J'
Executing command: 'J'
Executing command: 'J'
Executing command: 'J'
Executing command: 'J'
Executing command: 'J'
Executing command: 'J'
Executing command: 'J'
Executing command: 'J'
Executing command: 'J'
Executing command: 'W'
Executing command: 'W'
Executing command: 'W'
Executing command: 'W'
Executing command: 'W'
Executing command: 'W'
Executing command: 'W'
Executing command: 'W'
Executing command: 'W'
Executing command: 'W'
Executing command: 'W'
Executing command: 'W'
Executing command: 'W'
Executing command: 'W'
Executing command: 'W'
Executing command: 'W'
Executing command: 'W'
Executing command: 'W'
Executing command: 'W'
Executing command: 'W'


[INFO] Sending request to server at http://141.219.171.151:5000/get_action...

--- ACTION PLAN RECEIVED ---
{
  "key": "W",
  "time": 26.0
}
[✓] Action plan saved in text format to: /home/shivayogiakki/action_plan.txt

--- DATA TO BE SENT ---
{
  "lidar_data": {
    "header": {
      "seq": 89,
      "stamp": {
        "secs": 542,
        "nsecs": 23000000
      },
      "frame_id": "laser"
    },
    "angle_min": -3,
    "angle_max": 3,
    "angle_increment": 0.0055607,
    "time_increment": 0,
    "scan_time": 0,
    "range_min": 0.1,
    "range_max": 30,
    "ranges": [
      2.69688,
      2.72384,
      2.73004,
      2.73576,
      2.73563,
      2.74098,
      2.77621,
      2.78269,
      2.77651,
      2.78822,
      2.79691,
      2.81428,
      2.80349,
      2.81374,
      2.82725,
      2.84272,
      2.83996,
      2.85277,
      2.86543,
      2.8799,
      2.91795,
      2.89919,
      2.92032,
      2.92728,
      2.96301,
      2.95235,
      2.96931,
      2.97854,
      2.999,
      2.99951,
      3.01955,
      3.02363,
      3.04439,
      3.06385,
      3.07363,
      3.08278,
      3.08496,
      3.11035,
      3.12332,
      3.14537,
      3.15603,
      3.17807,
      3.18564,
      3.20308,
      3.21473,
      3.2224,
      3.25096,
      3.25881,
      3.26689,
      3.28605,
      3.30782,
      3.34335,
      3.36071,
      3.36684,
      3.40133,
      3.39775,
      3.4395,
      3.44201,
      3.47636,
      3.49666,
      3.50659,
      3.53465,
      3.54868,
      3.55769,
      3.60937,
      3.61583,
      3.61647,
      3.67341,
      3.69421,
      3.70768,
      3.7447,
      3.75742,
      3.78859,
      3.81237,
      3.85559,
      3.88061,
      3.9106,
      3.92095,
      3.95504,
      3.97937,
      4.01932,
      4.04457,
      4.09025,
      4.08558,
      4.11603,
      4.15409,
      4.18227,
      4.23486,
      4.25296,
      4.30069,
      4.31363,
      4.38774,
      4.41236,
      4.43549,
      4.46597,
      4.51803,
      4.58142,
      4.60501,
      4.6567,
      4.69817,
      4.75822,
      4.79238,
      4.83496,
      4.85291,
      4.84665,
      4.84443,
      4.84203,
      4.80993,
      4.81042,
      4.77849,
      4.77389,
      4.75723,
      4.74501,
      4.72399,
      4.72283,
      4.71224,
      4.68294,
      4.67019,
      4.67798,
      4.65404,
      4.6529,
      4.62673,
      4.61846,
      4.60477,
      4.61633,
      4.61038,
      4.59132,
      4.57672,
      4.55762,
      4.53288,
      4.54767,
      4.53089,
      4.52863,
      4.51003,
      4.49756,
      4.49553,
      4.47142,
      4.47842,
      4.46499,
      4.46625,
      4.4549,
      4.44953,
      4.44248,
      4.42488,
      4.41925,
      4.42665,
      4.41938,
      4.40679,
      4.39439,
      4.38291,
      4.37606,
      4.35372,
      4.38014,
      4.37504,
      4.36853,
      4.35349,
      4.35036,
      4.33865,
      4.34183,
      4.32238,
      4.339,
      4.31346,
      4.32139,
      4.3025,
      4.31684,
      4.32598,
      4.29387,
      4.31272,
      4.30592,
      4.29043,
      4.28775,
      4.31024,
      4.2889,
      4.28486,
      4.29146,
      4.27669,
      4.2541,
      4.26605,
      4.27098,
      4.26622,
      4.26407,
      4.27554,
      4.26003,
      4.25057,
      4.26541,
      4.27112,
      4.25924,
      4.25779,
      4.24047,
      4.2598,
      4.24826,
      4.25844,
      4.24654,
      4.25813,
      4.24508,
      4.22709,
      4.25542,
      4.23532,
      4.24173,
      4.26611,
      4.25165,
      4.2447,
      4.22802,
      4.2507,
      4.25966,
      4.24886,
      4.24272,
      4.26025,
      4.23878,
      4.25512,
      4.25477,
      4.25881,
      4.25808,
      4.25214,
      4.25988,
      4.26269,
      4.28592,
      4.27795,
      4.29338,
      4.27266,
      4.2907,
      4.2876,
      4.29249,
      4.28954,
      4.29542,
      4.3141,
      4.31841,
      4.31663,
      4.31118,
      4.31074,
      4.31206,
      4.32803,
      4.33686,
      4.34103,
      4.34738,
      4.35473,
      4.36029,
      4.3669,
      4.36036,
      4.3784,
      4.39168,
      4.38326,
      4.40404,
      4.40563,
      4.40764,
      4.40991,
      4.41663,
      4.41888,
      4.43091,
      4.44219,
      4.46064,
      4.45316,
      4.47405,
      4.47846,
      4.47815,
      4.48791,
      4.51693,
      4.51784,
      4.51392,
      4.53153,
      4.54718,
      4.53748,
      4.55171,
      4.55319,
      4.59861,
      4.57631,
      4.59772,
      4.63005,
      4.62238,
      4.62659,
      4.64819,
      4.66201,
      4.662,
      4.66482,
      4.67864,
      4.69616,
      4.72643,
      4.72736,
      4.72636,
      4.75155,
      4.774,
      4.77294,
      4.799,
      4.81139,
      4.81609,
      4.8271,
      4.85551,
      4.86521,
      4.8877,
      4.92574,
      4.91621,
      4.92459,
      4.94258,
      4.95189,
      4.97196,
      5.0252,
      5.01471,
      5.03736,
      5.05281,
      5.06747,
      5.0791,
      5.11402,
      5.11759,
      5.15968,
      5.17326,
      5.17949,
      5.20614,
      5.22419,
      5.2331,
      5.2815,
      5.27426,
      5.29888,
      5.32141,
      5.37664,
      5.37673,
      5.39128,
      5.4285,
      5.45413,
      5.47909,
      5.50539,
      5.53596,
      5.5721,
      5.58121,
      5.58898,
      5.63782,
      5.65513,
      5.70529,
      5.71236,
      5.73389,
      5.78729,
      5.80081,
      5.83958,
      5.85127,
      5.89708,
      5.90736,
      5.96786,
      5.99816,
      6.03602,
      6.05637,
      6.10546,
      6.13165,
      6.18589,
      6.21905,
      6.24331,
      6.27944,
      6.31148,
      6.37262,
      6.38827,
      6.4356,
      6.47438,
      6.52588,
      6.55382,
      6.59,
      6.64057,
      6.69041,
      6.73014,
      6.78408,
      6.8061,
      6.86837,
      6.94405,
      6.99142,
      7.03489,
      7.07664,
      7.15041,
      7.19299,
      7.2389,
      7.31043,
      7.3482,
      7.41662,
      7.48673,
      7.54009,
      7.61802,
      7.66335,
      7.72373,
      7.79089,
      7.86005,
      7.93016,
      8.00105,
      8.08923,
      8.15582,
      8.24303,
      8.31026,
      8.38543,
      8.46101,
      8.54965,
      8.62379,
      8.70695,
      8.79929,
      8.89051,
      8.96085,
      9.07165,
      9.17458,
      9.29262,
      9.37403,
      9.47219,
      9.56601,
      9.69507,
      9.80623,
      9.90444,
      10.0541,
      10.1503,
      10.2787,
      10.42,
      10.5464,
      10.6765,
      10.8054,
      10.9491,
      11.1027,
      11.2623,
      11.4205,
      11.5858,
      11.7329,
      11.9146,
      12.0844,
      12.2645,
      12.4427,
      12.6416,
      12.6638,
      12.6544,
      12.6133,
      12.5902,
      12.5486,
      12.5325,
      12.5289,
      12.5032,
      12.4735,
      12.454,
      12.4296,
      12.4182,
      12.4174,
      12.38,
      12.3701,
      12.3421,
      12.3238,
      12.3072,
      12.3008,
      12.267,
      12.2648,
      12.2553,
      12.2266,
      12.2321,
      12.1832,
      12.1859,
      12.1687,
      12.1665,
      12.1478,
      12.1317,
      12.1335,
      12.1058,
      12.1016,
      12.0842,
      12.0881,
      12.0797,
      12.0595,
      12.0496,
      12.0499,
      12.0423,
      12.0186,
      12.0182,
      12.013,
      12.0054,
      12.0122,
      11.9889,
      12.0012,
      12.0021,
      11.992,
      11.9604,
      11.9588,
      11.9751,
      11.9738,
      11.9687,
      11.9496,
      11.9447,
      11.9544,
      11.9494,
      11.9664,
      11.9537,
      11.9507,
      11.9409,
      11.9668,
      11.9558,
      11.954,
      11.9643,
      11.9383,
      11.9435,
      11.9415,
      11.9559,
      11.9632,
      11.9668,
      11.9762,
      11.9735,
      11.9772,
      11.9829,
      11.9989,
      12.0131,
      12.0075,
      12.0088,
      12.0302,
      12.0334,
      12.0365,
      12.054,
      12.0461,
      12.0677,
      12.0901,
      12.075,
      12.0743,
      12.1049,
      12.1154,
      12.1331,
      12.1409,
      12.1559,
      12.1769,
      12.1653,
      12.1871,
      12.1941,
      12.212,
      12.2332,
      12.2498,
      12.2622,
      12.2891,
      12.2959,
      12.3044,
      12.3187,
      12.3459,
      12.3645,
      12.3644,
      12.397,
      12.4172,
      12.4504,
      12.4514,
      20.4234,
      20.4551,
      20.5207,
      20.4368,
      20.081,
      19.7563,
      19.42,
      19.1002,
      18.8061,
      18.5219,
      18.2422,
      17.9699,
      17.6734,
      17.4317,
      17.1696,
      16.946,
      16.7307,
      16.4614,
      16.2505,
      16.0302,
      15.833,
      15.6307,
      15.416,
      15.2241,
      13.0974,
      13.1003,
      13.151,
      13.1621,
      13.1938,
      13.2337,
      13.2775,
      13.3183,
      13.3299,
      13.3795,
      13.426,
      13.2844,
      13.1462,
      13.0076,
      12.8618,
      12.7285,
      12.5969,
      12.4885,
      12.3749,
      12.2621,
      12.1389,
      12.0487,
      11.9226,
      11.8363,
      11.7066,
      11.606,
      11.5114,
      11.4129,
      11.3149,
      11.2206,
      11.1149,
      11.0401,
      10.9399,
      10.8404,
      10.7643,
      10.6961,
      10.5841,
      10.5174,
      10.4598,
      10.3499,
      10.278,
      10.2027,
      10.1478,
      10.0722,
      9.99455,
      9.92372,
      9.84931,
      9.78228,
      9.73931,
      9.65433,
      9.61428,
      9.54307,
      9.46228,
      9.4124,
      9.34941,
      9.29144,
      9.25373,
      9.1794,
      9.13486,
      9.07217,
      9.01803,
      8.97912,
      8.90297,
      8.86492,
      8.83245,
      8.76714,
      8.73523,
      8.66129,
      8.62647,
      8.57344,
      8.52386,
      8.48966,
      8.44667,
      8.391,
      8.34816,
      8.33152,
      8.26201,
      8.26285,
      8.20149,
      8.15829,
      8.12691,
      8.09727,
      8.03821,
      8.01573,
      7.977,
      7.93004,
      7.89263,
      7.87181,
      7.83229,
      7.80274,
      7.75905,
      7.74501,
      7.67778,
      7.68094,
      7.61876,
      7.61214,
      7.58193,
      7.55699,
      7.53735,
      7.49507,
      7.46723,
      7.42963,
      7.41282,
      7.40123,
      7.35678,
      7.34261,
      7.29676,
      7.28137,
      7.26796,
      7.22734,
      7.20159,
      7.18649,
      7.17284,
      7.12911,
      7.12459,
      7.08405,
      7.06258,
      7.04332,
      7.02982,
      7.02093,
      6.98959,
      6.96921,
      6.93337,
      6.94023,
      6.92263,
      6.86565,
      6.87816,
      6.86394,
      6.84893,
      6.83001,
      6.80932,
      6.78176,
      6.7936,
      6.72982,
      6.7355,
      6.73136,
      6.70042,
      6.68642,
      6.68798,
      6.64757,
      6.66457,
      6.63841,
      6.60883,
      6.59492,
      6.60993,
      6.57202,
      6.56137,
      6.55893,
      6.52846,
      6.54051,
      6.52474,
      6.49494,
      6.50308,
      6.48209,
      6.48918,
      6.4659,
      6.45171,
      6.45072,
      6.42132,
      6.41549,
      6.40033,
      6.40522,
      6.38304,
      6.36969,
      6.38039,
      6.36632,
      6.34293,
      6.36354,
      6.36019,
      6.34362,
      6.33345,
      6.31588,
      6.32243,
      6.30548,
      6.30864,
      6.30766,
      6.2902,
      6.30191,
      6.28239,
      6.26425,
      6.27377,
      6.26978,
      6.26201,
      6.27412,
      6.25535,
      6.25581,
      6.24027,
      6.22916,
      6.24771,
      6.23604,
      6.21964,
      6.23055,
      6.23868,
      6.21936,
      6.23133,
      6.22151,
      6.22248,
      6.22693,
      6.22327,
      6.21303,
      6.22524,
      6.20512,
      6.18356,
      6.20341,
      6.21913,
      6.19914,
      6.22897,
      6.18499,
      6.19963,
      6.2168,
      6.20345,
      6.19523,
      6.21948,
      6.23431,
      6.22276,
      6.21837,
      6.22886,
      6.20819,
      6.20691,
      6.22554,
      6.21768,
      6.22098,
      6.23497,
      6.23994,
      6.22028,
      6.24539,
      6.24331,
      6.25257,
      6.25379,
      6.25908,
      6.26259,
      6.27578,
      6.26869,
      6.26708,
      6.28361,
      6.26834,
      6.29559,
      6.31099,
      6.2825,
      6.32418,
      6.30055,
      6.31261,
      6.32919,
      6.33416,
      6.33296,
      6.34244,
      6.36559,
      6.39003,
      6.36352,
      6.39112,
      6.40028,
      6.4166,
      6.40756,
      6.43547,
      6.4295,
      6.44729,
      6.43886,
      6.47126,
      6.46491,
      6.48056,
      6.49922,
      6.51327,
      6.52151,
      6.5496,
      6.52459,
      6.54351,
      6.56391,
      6.59529,
      6.61216,
      6.61604,
      6.61708,
      6.63153,
      6.66186,
      6.56316,
      6.47675,
      6.3961,
      6.31537,
      6.23156,
      6.16372,
      6.09356,
      5.98882,
      5.91936,
      5.85837,
      5.76453,
      5.71287,
      5.62424,
      5.5734,
      5.49876,
      5.44239,
      5.36907,
      5.33437,
      5.25416,
      5.2216,
      5.15024,
      5.0853,
      5.05482,
      4.99144,
      4.94044,
      4.88431,
      4.84425,
      4.80731,
      4.75889,
      4.71217,
      4.66222,
      4.62788,
      4.58531,
      4.53585,
      4.52262,
      4.45668,
      4.41161,
      4.38571,
      4.36026,
      4.31086,
      4.27668,
      4.2416,
      4.20418,
      4.18466,
      4.14885,
      4.10567,
      4.07478,
      4.04507,
      4.01951,
      3.99667,
      3.96251,
      3.93968,
      3.90449,
      3.86718,
      3.83603,
      3.83302,
      3.79849,
      3.76511,
      3.71871,
      3.72363,
      3.70853,
      3.66518,
      3.65313,
      3.62519,
      3.61636,
      3.57709,
      3.56022,
      3.51953,
      3.49671,
      3.49397,
      3.4594,
      3.45183,
      3.42794,
      3.40412,
      3.40894,
      3.37597,
      3.35515,
      3.34932,
      3.31524,
      3.31675,
      3.2779,
      3.25877,
      3.24215,
      3.23439,
      3.20473,
      3.19773,
      3.1816,
      3.17262,
      3.14974,
      3.13762,
      3.1369,
      3.11332,
      3.09974,
      3.08697,
      3.06138,
      3.06792,
      3.03476,
      3.0495,
      3.01554,
      3.01374,
      3.00746,
      2.97137,
      2.94487,
      2.94755,
      2.9557,
      2.93382,
      2.928,
      2.92228,
      2.90683,
      2.89128,
      2.89357,
      2.86846,
      2.84696,
      2.86179,
      2.83197,
      2.82611,
      2.83517,
      2.80693,
      2.7769,
      2.78681,
      2.79904,
      2.75545,
      2.76468,
      2.75609,
      2.74848,
      2.73818,
      2.72732,
      2.70391,
      2.72716,
      2.70232,
      2.69597,
      2.68961,
      2.68304,
      2.67368,
      2.66014,
      2.66234,
      2.64963,
      2.6368,
      2.64352,
      2.63948,
      2.64662,
      2.64601,
      2.62037,
      2.60314,
      2.59952,
      2.59278,
      2.60173,
      2.58142,
      2.58817,
      2.56501,
      2.56085,
      2.55347,
      2.55546,
      2.5431,
      2.54012,
      2.54175,
      2.51675,
      2.52358,
      2.5201,
      2.53275,
      2.51092,
      2.51514,
      2.51247,
      2.49968,
      2.49713,
      2.50328,
      2.49756,
      2.48321,
      2.48536,
      2.47084,
      2.48217,
      2.4859,
      2.47476,
      2.45847,
      2.45734,
      2.47157,
      2.44131,
      2.44874,
      2.45037,
      2.45293,
      2.45014,
      2.42614,
      2.43962,
      2.42766,
      2.43066,
      2.43102,
      2.43274,
      2.43385,
      2.42128,
      2.42059,
      2.4143,
      2.42831,
      2.42946,
      2.41234,
      2.40751,
      2.42554,
      2.41133,
      2.39557,
      2.41642,
      2.40365,
      2.38764,
      2.40339,
      2.39055,
      2.40125,
      2.4231,
      2.40377,
      2.40299,
      2.39928,
      2.38015,
      2.41505,
      2.41276,
      2.41026,
      2.40471,
      2.38887,
      2.38809,
      2.39458,
      2.39212,
      2.38493,
      2.40802,
      2.40183,
      2.39506,
      2.4013,
      2.40098,
      2.40379,
      2.41137,
      2.39794,
      2.40039,
      2.41236,
      2.3957,
      2.39793,
      2.41599,
      2.40756,
      2.40658,
      2.41157,
      2.42379,
      2.40739,
      2.41474,
      2.44098,
      2.40955,
      2.41112,
      2.42986,
      2.42165,
      2.41907,
      2.43511,
      2.41849,
      2.43433,
      2.42802,
      2.42507,
      2.44763,
      2.44258,
      2.44348,
      2.45599,
      2.43449
    ],
    "intensities": [
      0,
      0,
      0,
      0,
      0,
      0,
      0,
      0,
      0,
      0,
      0,
      0,
      0,
      0,
      0,
      0,
      0,
      0,
      0,
      0,
      0,
      0,
      0,
      0,
      0,
      0,
      0,
      0,
      0,
      0,
      0,
      0,
      0,
      0,
      0,
      0,
      0,
      0,
      0,
      0,
      0,
      0,
      0,
      0,
      0,
      0,
      0,
      0,
      0,
      0,
      0,
      0,
      0,
      0,
      0,
      0,
      0,
      0,
      0,
      0,
      0,
      0,
      0,
      0,
      0,
      0,
      0,
      0,
      0,
      0,
      0,
      0,
      0,
      0,
      0,
      0,
      0,
      0,
      0,
      0,
      0,
      0,
      0,
      0,
      0,
      0,
      0,
      0,
      0,
      0,
      0,
      0,
      0,
      0,
      0,
      0,
      0,
      0,
      0,
      0,
      0,
      0,
      0,
      0,
      0,
      0,
      0,
      0,
      0,
      0,
      0,
      0,
      0,
      0,
      0,
      0,
      0,
      0,
      0,
      0,
      0,
      0,
      0,
      0,
      0,
      0,
      0,
      0,
      0,
      0,
      0,
      0,
      0,
      0,
      0,
      0,
      0,
      0,
      0,
      0,
      0,
      0,
      0,
      0,
      0,
      0,
      0,
      0,
      0,
      0,
      0,
      0,
      0,
      0,
      0,
      0,
      0,
      0,
      0,
      0,
      0,
      0,
      0,
      0,
      0,
      0,
      0,
      0,
      0,
      0,
      0,
      0,
      0,
      0,
      0,
      0,
      0,
      0,
      0,
      0,
      0,
      0,
      0,
      0,
      0,
      0,
      0,
      0,
      0,
      0,
      0,
      0,
      0,
      0,
      0,
      0,
      0,
      0,
      0,
      0,
      0,
      0,
      0,
      0,
      0,
      0,
      0,
      0,
      0,
      0,
      0,
      0,
      0,
      0,
      0,
      0,
      0,
      0,
      0,
      0,
      0,
      0,
      0,
      0,
      0,
      0,
      0,
      0,
      0,
      0,
      0,
      0,
      0,
      0,
      0,
      0,
      0,
      0,
      0,
      0,
      0,
      0,
      0,
      0,
      0,
      0,
      0,
      0,
      0,
      0,
      0,
      0,
      0,
      0,
      0,
      0,
      0,
      0,
      0,
      0,
      0,
      0,
      0,
      0,
      0,
      0,
      0,
      0,
      0,
      0,
      0,
      0,
      0,
      0,
      0,
      0,
      0,
      0,
      0,
      0,
      0,
      0,
      0,
      0,
      0,
      0,
      0,
      0,
      0,
      0,
      0,
      0,
      0,
      0,
      0,
      0,
      0,
      0,
      0,
      0,
      0,
      0,
      0,
      0,
      0,
      0,
      0,
      0,
      0,
      0,
      0,
      0,
      0,
      0,
      0,
      0,
      0,
      0,
      0,
      0,
      0,
      0,
      0,
      0,
      0,
      0,
      0,
      0,
      0,
      0,
      0,
      0,
      0,
      0,
      0,
      0,
      0,
      0,
      0,
      0,
      0,
      0,
      0,
      0,
      0,
      0,
      0,
      0,
      0,
      0,
      0,
      0,
      0,
      0,
      0,
      0,
      0,
      0,
      0,
      0,
      0,
      0,
      0,
      0,
      0,
      0,
      0,
      0,
      0,
      0,
      0,
      0,
      0,
      0,
      0,
      0,
      0,
      0,
      0,
      0,
      0,
      0,
      0,
      0,
      0,
      0,
      0,
      0,
      0,
      0,
      0,
      0,
      0,
      0,
      0,
      0,
      0,
      0,
      0,
      0,
      0,
      0,
      0,
      0,
      0,
      0,
      0,
      0,
      0,
      0,
      0,
      0,
      0,
      0,
      0,
      0,
      0,
      0,
      0,
      0,
      0,
      0,
      0,
      0,
      0,
      0,
      0,
      0,
      0,
      0,
      0,
      0,
      0,
      0,
      0,
      0,
      0,
      0,
      0,
      0,
      0,
      0,
      0,
      0,
      0,
      0,
      0,
      0,
      0,
      0,
      0,
      0,
      0,
      0,
      0,
      0,
      0,
      0,
      0,
      0,
      0,
      0,
      0,
      0,
      0,
      0,
      0,
      0,
      0,
      0,
      0,
      0,
      0,
      0,
      0,
      0,
      0,
      0,
      0,
      0,
      0,
      0,
      0,
      0,
      0,
      0,
      0,
      0,
      0,
      0,
      0,
      0,
      0,
      0,
      0,
      0,
      0,
      0,
      0,
      0,
      0,
      0,
      0,
      0,
      0,
      0,
      0,
      0,
      0,
      0,
      0,
      0,
      0,
      0,
      0,
      0,
      0,
      0,
      0,
      0,
      0,
      0,
      0,
      0,
      0,
      0,
      0,
      0,
      0,
      0,
      0,
      0,
      0,
      0,
      0,
      0,
      0,
      0,
      0,
      0,
      0,
      0,
      0,
      0,
      0,
      0,
      0,
      0,
      0,
      0,
      0,
      0,
      0,
      0,
      0,
      0,
      0,
      0,
      0,
      0,
      0,
      0,
      0,
      0,
      0,
      0,
      0,
      0,
      0,
      0,
      0,
      0,
      0,
      0,
      0,
      0,
      0,
      0,
      0,
      0,
      0,
      0,
      0,
      0,
      0,
      0,
      0,
      0,
      0,
      0,
      0,
      0,
      0,
      0,
      0,
      0,
      0,
      0,
      0,
      0,
      0,
      0,
      0,
      0,
      0,
      0,
      0,
      0,
      0,
      0,
      0,
      0,
      0,
      0,
      0,
      0,
      0,
      0,
      0,
      0,
      0,
      0,
      0,
      0,
      0,
      0,
      0,
      0,
      0,
      0,
      0,
      0,
      0,
      0,
      0,
      0,
      0,
      0,
      0,
      0,
      0,
      0,
      0,
      0,
      0,
      0,
      0,
      0,
      0,
      0,
      0,
      0,
      0,
      0,
      0,
      0,
      0,
      0,
      0,
      0,
      0,
      0,
      0,
      0,
      0,
      0,
      0,
      0,
      0,
      0,
      0,
      0,
      0,
      0,
      0,
      0,
      0,
      0,
      0,
      0,
      0,
      0,
      0,
      0,
      0,
      0,
      0,
      0,
      0,
      0,
      0,
      0,
      0,
      0,
      0,
      0,
      0,
      0,
      0,
      0,
      0,
      0,
      0,
      0,
      0,
      0,
      0,
      0,
      0,
      0,
      0,
      0,
      0,
      0,
      0,
      0,
      0,
      0,
      0,
      0,
      0,
      0,
      0,
      0,
      0,
      0,
      0,
      0,
      0,
      0,
      0,
      0,
      0,
      0,
      0,
      0,
      0,
      0,
      0,
      0,
      0,
      0,
      0,
      0,
      0,
      0,
      0,
      0,
      0,
      0,
      0,
      0,
      0,
      0,
      0,
      0,
      0,
      0,
      0,
      0,
      0,
      0,
      0,
      0,
      0,
      0,
      0,
      0,
      0,
      0,
      0,
      0,
      0,
      0,
      0,
      0,
      0,
      0,
      0,
      0,
      0,
      0,
      0,
      0,
      0,
      0,
      0,
      0,
      0,
      0,
      0,
      0,
      0,
      0,
      0,
      0,
      0,
      0,
      0,
      0,
      0,
      0,
      0,
      0,
      0,
      0,
      0,
      0,
      0,
      0,
      0,
      0,
      0,
      0,
      0,
      0,
      0,
      0,
      0,
      0,
      0,
      0,
      0,
      0,
      0,
      0,
      0,
      0,
      0,
      0,
      0,
      0,
      0,
      0,
      0,
      0,
      0,
      0,
      0,
      0,
      0,
      0,
      0,
      0,
      0,
      0,
      0,
      0,
      0,
      0,
      0,
      0,
      0,
      0,
      0,
      0,
      0,
      0,
      0,
      0,
      0,
      0,
      0,
      0,
      0,
      0,
      0,
      0,
      0,
      0,
      0,
      0,
      0,
      0,
      0,
      0,
      0,
      0,
      0,
      0,
      0,
      0,
      0,
      0,
      0,
      0,
      0,
      0,
      0,
      0,
      0,
      0,
      0,
      0,
      0,
      0,
      0,
      0,
      0,
      0,
      0,
      0,
      0,
      0,
      0,
      0,
      0,
      0,
      0,
      0,
      0,
      0,
      0,
      0,
      0,
      0,
      0,
      0,
      0,
      0,
      0,
      0,
      0,
      0,
      0,
      0,
      0,
      0,
      0,
      0,
      0,
      0,
      0,
      0,
      0,
      0,
      0,
      0,
      0,
      0,
      0,
      0,
      0,
      0,
      0,
      0,
      0,
      0,
      0,
      0,
      0,
      0,
      0,
      0,
      0,
      0,
      0,
      0,
      0,
      0,
      0,
      0,
      0,
      0,
      0,
      0,
      0,
      0,
      0,
      0,
      0,
      0,
      0,
      0,
      0,
      0,
      0,
      0,
      0,
      0,
      0,
      0,
      0,
      0,
      0,
      0,
      0,
      0,
      0,
      0,
      0,
      0,
      0,
      0,
      0,
      0,
      0,
      0,
      0,
      0,
      0,
      0,
      0,
      0,
      0,
      0,
      0,
      0,
      0,
      0,
      0,
      0,
      0,
      0,
      0,
      0,
      0,
      0,
      0,
      0,
      0,
      0,
      0,
      0,
      0,
      0,
      0,
      0,
      0,
      0,
      0,
      0,
      0,
      0,
      0,
      0,
      0,
      0,
      0,
      0,
      0,
      0,
      0,
      0,
      0,
      0,
      0,
      0,
      0,
      0,
      0,
      0,
      0,
      0,
      0,
      0,
      0,
      0,
      0,
      0,
      0,
      0,
      0,
      0,
      0,
      0,
      0,
      0,
      0,
      0,
      0,
      0,
      0,
      0,
      0,
      0,
      0,
      0,
      0,
      0
    ]
  },
  "action_history": [
    {
      "key": "J",
      "time": 0.53
    },
    {
      "key": "W",
      "time": 26.0
    }
  ]
}Executing command: 'W'
Executing command: 'W'
Executing command: 'W'
Executing command: 'W'
Executing command: 'W'
Executing command: 'W'
Executing command: 'W'
Executing command: 'W'
Executing command: 'W'
Executing command: 'W'
Executing command: 'W'
Executing command: 'W'
Executing command: 'W'
Executing command: 'W'
Executing command: 'W'
Executing command: 'W'
Executing command: 'W'
Executing command: 'W'
Executing command: 'W'
Executing command: 'W'
Executing command: 'W'
Executing command: 'W'
Executing command: 'W'
Executing command: 'W'
Executing command: 'W'
Executing command: 'W'
Executing command: 'W'
Executing command: 'W'
Executing command: 'W'
Executing command: 'W'
Executing command: 'W'
Executing command: 'W'
Executing command: 'W'
Executing command: 'W'
Executing command: 'W'
Executing command: 'W'
Executing command: 'W'


[INFO] Sending request to server at http://141.219.171.151:5000/get_action...

--- ACTION PLAN RECEIVED ---
{
  "key": "W",
  "time": 25.48
}
[✓] Action plan saved in text format to: /home/shivayogiakki/action_plan.txt

--- DATA TO BE SENT ---
{
  "lidar_data": {
    "header": {
      "seq": 126,
      "stamp": {
        "secs": 545,
        "nsecs": 723000000
      },
      "frame_id": "laser"
    },
    "angle_min": -3,
    "angle_max": 3,
    "angle_increment": 0.0055607,
    "time_increment": 0,
    "scan_time": 0,
    "range_min": 0.1,
    "range_max": 30,
    "ranges": [
      3.01381,
      2.98828,
      3.00724,
      3.0244,
      3.02254,
      3.04229,
      3.04756,
      3.05934,
      3.07873,
      3.0861,
      3.09581,
      3.09817,
      3.11401,
      3.13473,
      3.14328,
      3.14334,
      3.14398,
      3.1544,
      3.16962,
      3.1898,
      3.19371,
      3.20955,
      3.21875,
      3.2442,
      3.25345,
      3.26395,
      3.2747,
      3.29393,
      3.30653,
      3.30841,
      3.34614,
      3.36001,
      3.34763,
      3.37669,
      3.40464,
      3.42243,
      3.41632,
      3.43983,
      3.45766,
      3.45565,
      3.48083,
      3.50959,
      3.52716,
      3.53093,
      3.57096,
      3.57843,
      3.62417,
      3.61173,
      3.62599,
      3.66066,
      3.67054,
      3.69757,
      3.70702,
      3.72101,
      3.74039,
      3.80247,
      3.78419,
      3.81071,
      3.83389,
      3.85097,
      3.88628,
      3.89768,
      3.92456,
      3.95286,
      3.991,
      4.01578,
      4.02953,
      4.05097,
      4.07625,
      4.0979,
      4.13835,
      4.15862,
      4.2107,
      4.20871,
      4.24681,
      4.27023,
      4.32121,
      4.34285,
      4.35037,
      4.40098,
      4.40574,
      4.4769,
      4.50109,
      4.5352,
      4.56524,
      4.59672,
      4.65025,
      4.68312,
      4.71942,
      4.7621,
      4.79917,
      4.85345,
      4.88329,
      4.93188,
      4.98738,
      5.01538,
      5.07378,
      5.05385,
      5.05687,
      5.02064,
      5.01729,
      5.00133,
      4.97103,
      4.96314,
      4.9361,
      4.94536,
      4.91491,
      4.89821,
      4.88473,
      4.87893,
      4.87794,
      4.85887,
      4.83388,
      4.80742,
      4.81137,
      4.78581,
      4.78595,
      4.77617,
      4.7579,
      4.74656,
      4.74136,
      4.71187,
      4.71485,
      4.68969,
      4.68163,
      4.6717,
      4.68327,
      4.6399,
      4.66478,
      4.65474,
      4.61225,
      4.62266,
      4.59781,
      4.59222,
      4.58701,
      4.59981,
      4.5782,
      4.58085,
      4.53317,
      4.54794,
      4.53192,
      4.52537,
      4.52202,
      4.51846,
      4.50671,
      4.50484,
      4.47852,
      4.49971,
      4.49627,
      4.48262,
      4.46009,
      4.45812,
      4.44054,
      4.44312,
      4.44837,
      4.41721,
      4.45221,
      4.41922,
      4.42829,
      4.41876,
      4.40867,
      4.40532,
      4.42549,
      4.39727,
      4.37959,
      4.38545,
      4.40261,
      4.37894,
      4.37882,
      4.36834,
      4.34824,
      4.38269,
      4.35628,
      4.36635,
      4.3598,
      4.34168,
      4.33485,
      4.34484,
      4.35397,
      4.35044,
      4.33607,
      4.34801,
      4.32809,
      4.33901,
      4.34676,
      4.33826,
      4.33053,
      4.33951,
      4.32775,
      4.33162,
      4.33503,
      4.3431,
      4.33518,
      4.32766,
      4.34006,
      4.32175,
      4.33279,
      4.33339,
      4.34831,
      4.33195,
      4.33517,
      4.34729,
      4.35921,
      4.34928,
      4.34044,
      4.35435,
      4.34761,
      4.34297,
      4.35399,
      4.3534,
      4.32753,
      4.3459,
      4.37079,
      4.35383,
      4.34766,
      4.363,
      4.35029,
      4.36261,
      4.37478,
      4.37215,
      4.37931,
      4.36402,
      4.39504,
      4.35812,
      4.40533,
      4.3906,
      4.39418,
      4.38475,
      4.40357,
      4.40109,
      4.41418,
      4.41231,
      4.43845,
      4.43257,
      4.42281,
      4.43532,
      4.45017,
      4.46176,
      4.4535,
      4.45519,
      4.47842,
      4.48952,
      4.47502,
      4.49994,
      4.48851,
      4.50868,
      4.50747,
      4.51371,
      4.51513,
      4.54918,
      4.52564,
      4.54188,
      4.56478,
      4.57058,
      4.55704,
      4.58938,
      4.58886,
      4.59065,
      4.61472,
      4.59827,
      4.63242,
      4.65859,
      4.66484,
      4.65273,
      4.67429,
      4.68258,
      4.68696,
      4.71177,
      4.70178,
      4.72795,
      4.73824,
      4.74622,
      4.76061,
      4.77665,
      4.76842,
      4.8008,
      4.80625,
      4.82437,
      4.84228,
      4.83811,
      4.87018,
      4.87748,
      4.90753,
      4.90226,
      4.93389,
      4.95096,
      4.94372,
      4.9774,
      4.98047,
      4.99354,
      5.01929,
      5.04992,
      5.05319,
      5.05755,
      5.09574,
      5.10389,
      5.13303,
      5.12698,
      5.15604,
      5.17712,
      5.20114,
      5.20782,
      5.21813,
      5.24974,
      5.28601,
      5.29957,
      5.33186,
      5.33244,
      5.37043,
      5.38675,
      5.4055,
      5.43262,
      5.44025,
      5.46163,
      5.48604,
      5.52057,
      5.54127,
      5.56403,
      5.59876,
      5.63336,
      5.65559,
      5.68912,
      5.68089,
      5.73591,
      5.74244,
      5.77108,
      5.81024,
      5.82889,
      5.85342,
      5.89387,
      5.93011,
      5.97383,
      5.99446,
      6.0308,
      6.05249,
      6.08247,
      6.11715,
      6.15186,
      6.1753,
      6.21672,
      6.25515,
      6.28317,
      6.33459,
      6.36974,
      6.42596,
      6.45556,
      6.47417,
      6.52557,
      6.57976,
      6.61748,
      6.66904,
      6.70571,
      6.75502,
      6.80493,
      6.85104,
      6.88515,
      6.9348,
      6.99296,
      7.03333,
      7.0844,
      7.1196,
      7.17704,
      7.24232,
      7.28852,
      7.36803,
      7.40738,
      7.47957,
      7.53016,
      7.60134,
      7.65661,
      7.71137,
      7.76987,
      7.84039,
      7.90437,
      7.9822,
      8.03721,
      8.08659,
      8.1873,
      8.26408,
      8.32661,
      8.42529,
      8.49765,
      8.5694,
      8.6548,
      8.73656,
      8.82453,
      8.88246,
      8.99168,
      9.10736,
      9.19003,
      9.30447,
      9.38615,
      9.516,
      9.60601,
      9.70092,
      9.80352,
      9.93055,
      10.0512,
      10.1464,
      10.2763,
      10.4076,
      10.5428,
      10.6478,
      10.7924,
      10.945,
      11.0667,
      11.2136,
      11.3876,
      11.5342,
      11.6997,
      11.8623,
      12.0705,
      12.201,
      12.3913,
      12.4684,
      12.4215,
      12.4099,
      12.3981,
      12.3476,
      12.3334,
      12.3153,
      12.2963,
      12.2645,
      12.249,
      12.2311,
      12.2077,
      12.1843,
      12.1764,
      12.1617,
      12.1162,
      12.1008,
      12.0927,
      12.0751,
      12.0723,
      12.0561,
      12.0234,
      12.005,
      12.0103,
      11.9807,
      11.977,
      11.9353,
      11.9606,
      11.9342,
      11.9146,
      11.9112,
      11.8972,
      11.8825,
      11.8615,
      11.8602,
      11.8536,
      11.839,
      11.8341,
      11.8143,
      11.8063,
      11.8054,
      11.8033,
      11.7827,
      11.7921,
      11.7585,
      11.7655,
      11.7334,
      11.7414,
      11.7488,
      11.7529,
      11.7351,
      11.7332,
      11.7379,
      11.7175,
      11.7233,
      11.7158,
      11.725,
      11.712,
      11.7129,
      11.7113,
      11.7113,
      11.6963,
      11.6978,
      11.7027,
      11.6975,
      11.7036,
      11.6999,
      11.7161,
      11.7154,
      11.7119,
      11.7155,
      11.6937,
      11.7161,
      11.7217,
      11.7174,
      11.7389,
      11.743,
      11.7428,
      11.7438,
      11.747,
      11.7465,
      11.7701,
      11.7622,
      11.7811,
      11.7933,
      11.7905,
      11.7874,
      11.8051,
      11.8129,
      11.8145,
      11.8305,
      11.8383,
      11.8645,
      11.8524,
      11.8693,
      11.8743,
      11.8942,
      11.9193,
      11.9232,
      11.9516,
      11.9673,
      11.9488,
      11.9813,
      12.0026,
      12.0118,
      12.0177,
      12.0328,
      12.0562,
      12.0531,
      12.0886,
      12.096,
      12.1318,
      12.1664,
      12.1662,
      12.1867,
      20.1667,
      20.2002,
      20.2322,
      20.243,
      20.0381,
      19.7035,
      19.3742,
      19.0541,
      18.7626,
      18.4488,
      18.1538,
      17.8857,
      17.6202,
      17.3481,
      17.1247,
      16.848,
      16.6474,
      16.393,
      16.1766,
      15.9443,
      15.7251,
      15.5637,
      15.3432,
      15.1586,
      14.9594,
      12.8282,
      12.8258,
      12.8519,
      12.8787,
      12.9293,
      12.9806,
      13.0068,
      13.0443,
      13.0796,
      13.1187,
      13.1439,
      13.0412,
      12.9002,
      12.7936,
      12.6471,
      12.5116,
      12.4126,
      12.2757,
      12.1831,
      12.0412,
      11.9297,
      11.8275,
      11.7363,
      11.6216,
      11.5191,
      11.4077,
      11.3302,
      11.2273,
      11.1291,
      11.0278,
      10.9323,
      10.8471,
      10.7458,
      10.6961,
      10.5965,
      10.5186,
      10.4307,
      10.359,
      10.2658,
      10.1903,
      10.1334,
      10.0502,
      9.98251,
      9.90281,
      9.85207,
      9.76921,
      9.72387,
      9.62668,
      9.57884,
      9.49263,
      9.458,
      9.38461,
      9.31583,
      9.26515,
      9.21899,
      9.15147,
      9.08639,
      9.02435,
      8.98073,
      8.93702,
      8.87324,
      8.8266,
      8.77917,
      8.70963,
      8.68245,
      8.61949,
      8.55996,
      8.52868,
      8.49582,
      8.43316,
      8.40965,
      8.35626,
      8.3091,
      8.29001,
      8.22326,
      8.18197,
      8.14299,
      8.09936,
      8.07452,
      8.0423,
      8.00132,
      7.97177,
      7.92088,
      7.88003,
      7.8429,
      7.82798,
      7.77498,
      7.75601,
      7.70943,
      7.66847,
      7.67245,
      7.61467,
      7.58202,
      7.55335,
      7.52675,
      7.49028,
      7.47115,
      7.44354,
      7.39126,
      7.38427,
      7.36436,
      7.33006,
      7.29792,
      7.25673,
      7.26116,
      7.22257,
      7.1768,
      7.1722,
      7.14144,
      7.1305,
      7.09749,
      7.07689,
      7.0794,
      7.02033,
      7.01517,
      6.98854,
      6.97603,
      6.94545,
      6.93102,
      6.92158,
      6.8865,
      6.846,
      6.84343,
      6.84182,
      6.79524,
      6.78354,
      6.77387,
      6.76031,
      6.74312,
      6.71767,
      6.69007,
      6.67998,
      6.67898,
      6.65794,
      6.65384,
      6.62538,
      6.60554,
      6.59999,
      6.58976,
      6.58606,
      6.55477,
      6.53861,
      6.52204,
      6.51461,
      6.47564,
      6.48681,
      6.48536,
      6.48781,
      6.43609,
      6.43637,
      6.41032,
      6.41139,
      6.41971,
      6.39904,
      6.39337,
      6.37886,
      6.35898,
      6.33858,
      6.32591,
      6.32974,
      6.31822,
      6.31557,
      6.29336,
      6.28958,
      6.29821,
      6.27136,
      6.26366,
      6.2602,
      6.24806,
      6.25985,
      6.2274,
      6.2457,
      6.21875,
      6.21703,
      6.22016,
      6.21468,
      6.20143,
      6.22701,
      6.20055,
      6.20606,
      6.16826,
      6.18503,
      6.17969,
      6.1844,
      6.16527,
      6.16828,
      6.16974,
      6.15657,
      6.14816,
      6.13956,
      6.12717,
      6.14121,
      6.13588,
      6.13521,
      6.13712,
      6.13867,
      6.12908,
      6.14415,
      6.14277,
      6.1195,
      6.12657,
      6.12666,
      6.12114,
      6.11234,
      6.1136,
      6.13234,
      6.13208,
      6.13386,
      6.11711,
      6.11755,
      6.12519,
      6.11651,
      6.13199,
      6.1531,
      6.14705,
      6.1538,
      6.12965,
      6.13125,
      6.16196,
      6.13757,
      6.15018,
      6.14227,
      6.11892,
      6.143,
      6.14388,
      6.16185,
      6.14865,
      6.15171,
      6.16153,
      6.16006,
      6.18288,
      6.2037,
      6.17761,
      6.19631,
      6.20743,
      6.20532,
      6.21055,
      6.21194,
      6.21683,
      6.22799,
      6.22875,
      6.23662,
      6.25921,
      6.26828,
      6.27594,
      6.27711,
      6.29036,
      6.28733,
      6.30728,
      6.30566,
      6.31288,
      6.32279,
      6.32673,
      6.32927,
      6.33224,
      6.3475,
      6.37146,
      6.375,
      6.39877,
      6.41563,
      6.39977,
      6.43099,
      6.41601,
      6.44653,
      6.44576,
      6.46978,
      6.47469,
      6.48515,
      6.5134,
      6.51036,
      6.53176,
      6.55204,
      6.56146,
      6.57405,
      6.58763,
      6.61115,
      6.61335,
      6.6249,
      6.64477,
      6.68468,
      6.59536,
      6.49569,
      6.42315,
      6.34938,
      6.2696,
      6.21813,
      6.13612,
      6.05714,
      5.99146,
      5.90971,
      5.84438,
      5.79308,
      5.74011,
      5.65989,
      5.62628,
      5.56761,
      5.52047,
      5.44158,
      5.39209,
      5.32713,
      5.2717,
      5.22451,
      5.18546,
      5.1399,
      5.08549,
      5.04839,
      4.99966,
      4.95548,
      4.91346,
      4.87051,
      4.82488,
      4.7724,
      4.75278,
      4.70285,
      4.67015,
      4.6321,
      4.60303,
      4.55231,
      4.52134,
      4.48876,
      4.46719,
      4.42476,
      4.39986,
      4.3565,
      4.32511,
      4.29095,
      4.27261,
      4.23451,
      4.19809,
      4.17962,
      4.1404,
      4.11682,
      4.10682,
      4.05583,
      4.04987,
      4.02473,
      3.99871,
      3.96169,
      3.95083,
      3.91922,
      3.89627,
      3.87251,
      3.85756,
      3.81543,
      3.80845,
      3.77961,
      3.76279,
      3.73891,
      3.71253,
      3.69299,
      3.68994,
      3.64864,
      3.64393,
      3.61667,
      3.60086,
      3.59668,
      3.55451,
      3.572,
      3.51719,
      3.51566,
      3.49304,
      3.48314,
      3.46923,
      3.44034,
      3.44517,
      3.41004,
      3.41948,
      3.38681,
      3.38301,
      3.34855,
      3.35572,
      3.32238,
      3.32196,
      3.28439,
      3.27079,
      3.27413,
      3.26086,
      3.2401,
      3.22994,
      3.22461,
      3.19695,
      3.18602,
      3.19706,
      3.18175,
      3.15481,
      3.16399,
      3.14293,
      3.13632,
      3.12056,
      3.09636,
      3.09119,
      3.09845,
      3.07818,
      3.06289,
      3.0518,
      3.04211,
      3.0401,
      3.0284,
      3.02398,
      3.01943,
      3.03425,
      2.99875,
      2.99128,
      2.95642,
      2.97422,
      2.96739,
      2.93389,
      2.95459,
      2.92821,
      2.93696,
      2.90573,
      2.90006,
      2.89441,
      2.87414,
      2.89098,
      2.88393,
      2.8677,
      2.87046,
      2.85241,
      2.87224,
      2.84858,
      2.83434,
      2.84094,
      2.83596,
      2.85539,
      2.82177,
      2.82632,
      2.79586,
      2.81087,
      2.80132,
      2.79026,
      2.79334,
      2.78071,
      2.78545,
      2.77261,
      2.77335,
      2.77992,
      2.76489,
      2.75571,
      2.75734,
      2.76215,
      2.74603,
      2.73815,
      2.7388,
      2.71778,
      2.72,
      2.7327,
      2.71237,
      2.71801,
      2.70544,
      2.70283,
      2.71634,
      2.71208,
      2.67693,
      2.6873,
      2.68726,
      2.67327,
      2.68776,
      2.6995,
      2.67569,
      2.68474,
      2.67573,
      2.66873,
      2.67563,
      2.67542,
      2.66252,
      2.65745,
      2.68981,
      2.65009,
      2.66272,
      2.67602,
      2.66796,
      2.66515,
      2.66003,
      2.67523,
      2.6633,
      2.64457,
      2.65338,
      2.66165,
      2.64547,
      2.64486,
      2.6595,
      2.65171,
      2.65407,
      2.64605,
      2.64649,
      2.65475,
      2.64657,
      2.64813,
      2.6507,
      2.64552,
      2.62803,
      2.63554,
      2.63612,
      2.65273,
      2.6691,
      2.63714,
      2.64989,
      2.66315,
      2.63932,
      2.64094,
      2.64616,
      2.65618,
      2.63914,
      2.66466,
      2.65659,
      2.64364,
      2.66007,
      2.66427,
      2.66921,
      2.66886,
      2.66029,
      2.675,
      2.66835,
      2.67457,
      2.6706,
      2.68622,
      2.69283,
      2.67343,
      2.67679,
      2.69374,
      2.68356,
      2.69383,
      2.68445,
      2.72692,
      2.70727
    ],
    "intensities": [
      0,
      0,
      0,
      0,
      0,
      0,
      0,
      0,
      0,
      0,
      0,
      0,
      0,
      0,
      0,
      0,
      0,
      0,
      0,
      0,
      0,
      0,
      0,
      0,
      0,
      0,
      0,
      0,
      0,
      0,
      0,
      0,
      0,
      0,
      0,
      0,
      0,
      0,
      0,
      0,
      0,
      0,
      0,
      0,
      0,
      0,
      0,
      0,
      0,
      0,
      0,
      0,
      0,
      0,
      0,
      0,
      0,
      0,
      0,
      0,
      0,
      0,
      0,
      0,
      0,
      0,
      0,
      0,
      0,
      0,
      0,
      0,
      0,
      0,
      0,
      0,
      0,
      0,
      0,
      0,
      0,
      0,
      0,
      0,
      0,
      0,
      0,
      0,
      0,
      0,
      0,
      0,
      0,
      0,
      0,
      0,
      0,
      0,
      0,
      0,
      0,
      0,
      0,
      0,
      0,
      0,
      0,
      0,
      0,
      0,
      0,
      0,
      0,
      0,
      0,
      0,
      0,
      0,
      0,
      0,
      0,
      0,
      0,
      0,
      0,
      0,
      0,
      0,
      0,
      0,
      0,
      0,
      0,
      0,
      0,
      0,
      0,
      0,
      0,
      0,
      0,
      0,
      0,
      0,
      0,
      0,
      0,
      0,
      0,
      0,
      0,
      0,
      0,
      0,
      0,
      0,
      0,
      0,
      0,
      0,
      0,
      0,
      0,
      0,
      0,
      0,
      0,
      0,
      0,
      0,
      0,
      0,
      0,
      0,
      0,
      0,
      0,
      0,
      0,
      0,
      0,
      0,
      0,
      0,
      0,
      0,
      0,
      0,
      0,
      0,
      0,
      0,
      0,
      0,
      0,
      0,
      0,
      0,
      0,
      0,
      0,
      0,
      0,
      0,
      0,
      0,
      0,
      0,
      0,
      0,
      0,
      0,
      0,
      0,
      0,
      0,
      0,
      0,
      0,
      0,
      0,
      0,
      0,
      0,
      0,
      0,
      0,
      0,
      0,
      0,
      0,
      0,
      0,
      0,
      0,
      0,
      0,
      0,
      0,
      0,
      0,
      0,
      0,
      0,
      0,
      0,
      0,
      0,
      0,
      0,
      0,
      0,
      0,
      0,
      0,
      0,
      0,
      0,
      0,
      0,
      0,
      0,
      0,
      0,
      0,
      0,
      0,
      0,
      0,
      0,
      0,
      0,
      0,
      0,
      0,
      0,
      0,
      0,
      0,
      0,
      0,
      0,
      0,
      0,
      0,
      0,
      0,
      0,
      0,
      0,
      0,
      0,
      0,
      0,
      0,
      0,
      0,
      0,
      0,
      0,
      0,
      0,
      0,
      0,
      0,
      0,
      0,
      0,
      0,
      0,
      0,
      0,
      0,
      0,
      0,
      0,
      0,
      0,
      0,
      0,
      0,
      0,
      0,
      0,
      0,
      0,
      0,
      0,
      0,
      0,
      0,
      0,
      0,
      0,
      0,
      0,
      0,
      0,
      0,
      0,
      0,
      0,
      0,
      0,
      0,
      0,
      0,
      0,
      0,
      0,
      0,
      0,
      0,
      0,
      0,
      0,
      0,
      0,
      0,
      0,
      0,
      0,
      0,
      0,
      0,
      0,
      0,
      0,
      0,
      0,
      0,
      0,
      0,
      0,
      0,
      0,
      0,
      0,
      0,
      0,
      0,
      0,
      0,
      0,
      0,
      0,
      0,
      0,
      0,
      0,
      0,
      0,
      0,
      0,
      0,
      0,
      0,
      0,
      0,
      0,
      0,
      0,
      0,
      0,
      0,
      0,
      0,
      0,
      0,
      0,
      0,
      0,
      0,
      0,
      0,
      0,
      0,
      0,
      0,
      0,
      0,
      0,
      0,
      0,
      0,
      0,
      0,
      0,
      0,
      0,
      0,
      0,
      0,
      0,
      0,
      0,
      0,
      0,
      0,
      0,
      0,
      0,
      0,
      0,
      0,
      0,
      0,
      0,
      0,
      0,
      0,
      0,
      0,
      0,
      0,
      0,
      0,
      0,
      0,
      0,
      0,
      0,
      0,
      0,
      0,
      0,
      0,
      0,
      0,
      0,
      0,
      0,
      0,
      0,
      0,
      0,
      0,
      0,
      0,
      0,
      0,
      0,
      0,
      0,
      0,
      0,
      0,
      0,
      0,
      0,
      0,
      0,
      0,
      0,
      0,
      0,
      0,
      0,
      0,
      0,
      0,
      0,
      0,
      0,
      0,
      0,
      0,
      0,
      0,
      0,
      0,
      0,
      0,
      0,
      0,
      0,
      0,
      0,
      0,
      0,
      0,
      0,
      0,
      0,
      0,
      0,
      0,
      0,
      0,
      0,
      0,
      0,
      0,
      0,
      0,
      0,
      0,
      0,
      0,
      0,
      0,
      0,
      0,
      0,
      0,
      0,
      0,
      0,
      0,
      0,
      0,
      0,
      0,
      0,
      0,
      0,
      0,
      0,
      0,
      0,
      0,
      0,
      0,
      0,
      0,
      0,
      0,
      0,
      0,
      0,
      0,
      0,
      0,
      0,
      0,
      0,
      0,
      0,
      0,
      0,
      0,
      0,
      0,
      0,
      0,
      0,
      0,
      0,
      0,
      0,
      0,
      0,
      0,
      0,
      0,
      0,
      0,
      0,
      0,
      0,
      0,
      0,
      0,
      0,
      0,
      0,
      0,
      0,
      0,
      0,
      0,
      0,
      0,
      0,
      0,
      0,
      0,
      0,
      0,
      0,
      0,
      0,
      0,
      0,
      0,
      0,
      0,
      0,
      0,
      0,
      0,
      0,
      0,
      0,
      0,
      0,
      0,
      0,
      0,
      0,
      0,
      0,
      0,
      0,
      0,
      0,
      0,
      0,
      0,
      0,
      0,
      0,
      0,
      0,
      0,
      0,
      0,
      0,
      0,
      0,
      0,
      0,
      0,
      0,
      0,
      0,
      0,
      0,
      0,
      0,
      0,
      0,
      0,
      0,
      0,
      0,
      0,
      0,
      0,
      0,
      0,
      0,
      0,
      0,
      0,
      0,
      0,
      0,
      0,
      0,
      0,
      0,
      0,
      0,
      0,
      0,
      0,
      0,
      0,
      0,
      0,
      0,
      0,
      0,
      0,
      0,
      0,
      0,
      0,
      0,
      0,
      0,
      0,
      0,
      0,
      0,
      0,
      0,
      0,
      0,
      0,
      0,
      0,
      0,
      0,
      0,
      0,
      0,
      0,
      0,
      0,
      0,
      0,
      0,
      0,
      0,
      0,
      0,
      0,
      0,
      0,
      0,
      0,
      0,
      0,
      0,
      0,
      0,
      0,
      0,
      0,
      0,
      0,
      0,
      0,
      0,
      0,
      0,
      0,
      0,
      0,
      0,
      0,
      0,
      0,
      0,
      0,
      0,
      0,
      0,
      0,
      0,
      0,
      0,
      0,
      0,
      0,
      0,
      0,
      0,
      0,
      0,
      0,
      0,
      0,
      0,
      0,
      0,
      0,
      0,
      0,
      0,
      0,
      0,
      0,
      0,
      0,
      0,
      0,
      0,
      0,
      0,
      0,
      0,
      0,
      0,
      0,
      0,
      0,
      0,
      0,
      0,
      0,
      0,
      0,
      0,
      0,
      0,
      0,
      0,
      0,
      0,
      0,
      0,
      0,
      0,
      0,
      0,
      0,
      0,
      0,
      0,
      0,
      0,
      0,
      0,
      0,
      0,
      0,
      0,
      0,
      0,
      0,
      0,
      0,
      0,
      0,
      0,
      0,
      0,
      0,
      0,
      0,
      0,
      0,
      0,
      0,
      0,
      0,
      0,
      0,
      0,
      0,
      0,
      0,
      0,
      0,
      0,
      0,
      0,
      0,
      0,
      0,
      0,
      0,
      0,
      0,
      0,
      0,
      0,
      0,
      0,
      0,
      0,
      0,
      0,
      0,
      0,
      0,
      0,
      0,
      0,
      0,
      0,
      0,
      0,
      0,
      0,
      0,
      0,
      0,
      0,
      0,
      0,
      0,
      0,
      0,
      0,
      0,
      0,
      0,
      0,
      0,
      0,
      0,
      0,
      0,
      0,
      0,
      0,
      0,
      0,
      0,
      0,
      0,
      0,
      0,
      0,
      0,
      0,
      0,
      0,
      0,
      0,
      0,
      0,
      0,
      0,
      0,
      0,
      0,
      0,
      0,
      0,
      0,
      0,
      0,
      0,
      0,
      0,
      0,
      0,
      0,
      0,
      0,
      0,
      0,
      0,
      0,
      0,
      0,
      0,
      0,
      0,
      0,
      0,
      0,
      0,
      0,
      0,
      0,
      0,
      0,
      0,
      0,
      0,
      0,
      0,
      0,
      0,
      0,
      0,
      0,
      0,
      0,
      0,
      0,
      0,
      0,
      0,
      0,
      0,
      0,
      0,
      0,
      0,
      0,
      0,
      0,
      0,
      0,
      0,
      0,
      0,
      0,
      0,
      0,
      0,
      0,
      0,
      0,
      0,
      0,
      0,
      0,
      0,
      0,
      0,
      0,
      0,
      0,
      0,
      0,
      0,
      0,
      0,
      0,
      0,
      0,
      0,
      0,
      0,
      0,
      0,
      0,
      0,
      0,
      0,
      0,
      0,
      0,
      0,
      0,
      0,
      0,
      0,
      0,
      0,
      0,
      0,
      0,
      0,
      0,
      0,
      0,
      0,
      0,
      0,
      0,
      0,
      0,
      0,
      0,
      0,
      0,
      0,
      0,
      0,
      0,
      0,
      0,
      0,
      0,
      0,
      0,
      0,
      0,
      0,
      0,
      0
    ]
  },
  "action_history": [
    {
      "key": "J",
      "time": 0.53
    },
    {
      "key": "W",
      "time": 26.0
    },
    {
      "key": "W",
      "time": 25.48
    }
  ]
}Executing command: 'W'
Executing command: 'W'
Executing command: 'W'
Executing command: 'W'
Executing command: 'W'
Executing command: 'W'
Executing command: 'W'
Executing command: 'W'
Executing command: 'W'
Executing command: 'W'
Executing command: 'W'
Executing command: 'W'
Executing command: 'W'
Executing command: 'W'
Executing command: 'W'
Executing command: 'W'
Executing command: 'W'
Executing command: 'W'
Executing command: 'W'
Executing command: 'W'
Executing command: 'W'
Executing command: 'W'
Executing command: 'W'
Executing command: 'W'
Executing command: 'W'
Executing command: 'W'
Executing command: 'W'
Executing command: 'W'
Executing command: 'W'
Executing command: 'W'
Executing command: 'W'
Executing command: 'W'
Executing command: 'W'
Executing command: 'W'
Executing command: 'W'
Executing command: 'W'


[INFO] Sending request to server at http://141.219.171.151:5000/get_action...

--- ACTION PLAN RECEIVED ---
{
  "key": "W",
  "time": 24.94
}
[✓] Action plan saved in text format to: /home/shivayogiakki/action_plan.txt

--- DATA TO BE SENT ---
{
  "lidar_data": {
    "header": {
      "seq": 162,
      "stamp": {
        "secs": 549,
        "nsecs": 323000000
      },
      "frame_id": "laser"
    },
    "angle_min": -3,
    "angle_max": 3,
    "angle_increment": 0.0055607,
    "time_increment": 0,
    "scan_time": 0,
    "range_min": 0.1,
    "range_max": 30,
    "ranges": [
      3.26215,
      3.26368,
      3.28584,
      3.28668,
      3.31184,
      3.30335,
      3.32441,
      3.32143,
      3.35537,
      3.35263,
      3.37545,
      3.38525,
      3.40921,
      3.41091,
      3.4301,
      3.42664,
      3.4472,
      3.45447,
      3.47329,
      3.47504,
      3.50116,
      3.48996,
      3.51695,
      3.55069,
      3.57812,
      3.56378,
      3.58961,
      3.60226,
      3.59637,
      3.61229,
      3.62743,
      3.65953,
      3.67392,
      3.68922,
      3.70526,
      3.73903,
      3.74131,
      3.76142,
      3.76115,
      3.79344,
      3.80272,
      3.83353,
      3.85078,
      3.86018,
      3.87969,
      3.91269,
      3.93312,
      3.94527,
      3.96504,
      3.98686,
      4.01631,
      4.04271,
      4.05605,
      4.05635,
      4.10447,
      4.12605,
      4.1369,
      4.18621,
      4.20617,
      4.20721,
      4.22289,
      4.26451,
      4.2964,
      4.31683,
      4.34543,
      4.37415,
      4.39729,
      4.42389,
      4.44405,
      4.48743,
      4.4963,
      4.5367,
      4.5507,
      4.58279,
      4.62909,
      4.6659,
      4.70433,
      4.70878,
      4.76883,
      4.80205,
      4.8305,
      4.8709,
      4.90798,
      4.94879,
      4.9917,
      5.04219,
      5.06477,
      5.10667,
      5.15404,
      5.20326,
      5.23025,
      5.24708,
      5.25038,
      5.22425,
      5.22299,
      5.19516,
      5.17313,
      5.13952,
      5.14365,
      5.13025,
      5.08463,
      5.09046,
      5.06955,
      5.06557,
      5.04112,
      5.03442,
      5.04061,
      4.98421,
      4.98147,
      4.98563,
      4.94155,
      4.94168,
      4.91825,
      4.9288,
      4.8984,
      4.88255,
      4.87292,
      4.84068,
      4.85134,
      4.83661,
      4.82048,
      4.80696,
      4.78471,
      4.77833,
      4.77212,
      4.79089,
      4.76467,
      4.73353,
      4.72642,
      4.71764,
      4.70643,
      4.71919,
      4.70636,
      4.6663,
      4.67042,
      4.65049,
      4.65215,
      4.64565,
      4.63299,
      4.63982,
      4.6268,
      4.62121,
      4.62213,
      4.58701,
      4.59027,
      4.60767,
      4.57941,
      4.56704,
      4.58565,
      4.56198,
      4.55984,
      4.54667,
      4.54241,
      4.52523,
      4.53661,
      4.53565,
      4.53098,
      4.49335,
      4.50874,
      4.49004,
      4.49495,
      4.49273,
      4.49466,
      4.47757,
      4.48548,
      4.49417,
      4.46511,
      4.47628,
      4.46708,
      4.45857,
      4.45383,
      4.44536,
      4.44462,
      4.443,
      4.44661,
      4.4332,
      4.43765,
      4.45284,
      4.43889,
      4.43149,
      4.45079,
      4.43152,
      4.44044,
      4.42622,
      4.40524,
      4.43562,
      4.40994,
      4.41108,
      4.40983,
      4.41988,
      4.43158,
      4.42726,
      4.41647,
      4.41813,
      4.41916,
      4.39823,
      4.41568,
      4.40296,
      4.41145,
      4.41877,
      4.41016,
      4.42047,
      4.40808,
      4.43736,
      4.42114,
      4.41359,
      4.43589,
      4.42376,
      4.44455,
      4.4329,
      4.42984,
      4.44109,
      4.4373,
      4.41719,
      4.44099,
      4.43376,
      4.44441,
      4.43372,
      4.4683,
      4.45007,
      4.46151,
      4.47166,
      4.45521,
      4.45765,
      4.46133,
      4.45261,
      4.48278,
      4.47648,
      4.50761,
      4.50554,
      4.51339,
      4.51629,
      4.52044,
      4.51641,
      4.51997,
      4.52448,
      4.54596,
      4.53854,
      4.54003,
      4.54893,
      4.54061,
      4.55719,
      4.56071,
      4.57794,
      4.59107,
      4.60095,
      4.61657,
      4.60774,
      4.61104,
      4.6212,
      4.6196,
      4.64454,
      4.65862,
      4.6566,
      4.66345,
      4.65779,
      4.66932,
      4.70444,
      4.7009,
      4.71406,
      4.71481,
      4.72221,
      4.74073,
      4.74833,
      4.75242,
      4.74613,
      4.79077,
      4.80447,
      4.79948,
      4.82497,
      4.83033,
      4.84533,
      4.84699,
      4.86136,
      4.88111,
      4.8919,
      4.9097,
      4.90676,
      4.92024,
      4.95819,
      4.95672,
      4.96137,
      4.97714,
      4.98435,
      5.01567,
      5.01552,
      5.04688,
      5.07785,
      5.08506,
      5.09375,
      5.10494,
      5.13369,
      5.13526,
      5.1519,
      5.19225,
      5.20173,
      5.22466,
      5.2374,
      5.25442,
      5.27876,
      5.29707,
      5.31077,
      5.33552,
      5.34903,
      5.38102,
      5.39774,
      5.41846,
      5.43544,
      5.4583,
      5.4792,
      5.50265,
      5.51575,
      5.55499,
      5.57138,
      5.59676,
      5.63881,
      5.66147,
      5.67901,
      5.71847,
      5.72042,
      5.75589,
      5.77711,
      5.81243,
      5.8246,
      5.85836,
      5.90314,
      5.91792,
      5.96187,
      5.99224,
      6.00799,
      6.04142,
      6.09529,
      6.10331,
      6.12945,
      6.18817,
      6.2024,
      6.24976,
      6.25499,
      6.32072,
      6.35581,
      6.38179,
      6.4217,
      6.46114,
      6.50656,
      6.53019,
      6.56428,
      6.62748,
      6.64981,
      6.69336,
      6.74941,
      6.78924,
      6.83709,
      6.86446,
      6.94028,
      6.98947,
      7.02278,
      7.07015,
      7.11083,
      7.17744,
      7.22543,
      7.26676,
      7.34196,
      7.38538,
      7.43736,
      7.48489,
      7.57383,
      7.58864,
      7.67449,
      7.7525,
      7.8005,
      7.86145,
      7.9192,
      7.97722,
      8.04575,
      8.12126,
      8.19503,
      8.27716,
      8.33912,
      8.41365,
      8.50777,
      8.56507,
      8.66051,
      8.72738,
      8.81002,
      8.90093,
      8.98705,
      9.09297,
      9.16408,
      9.25452,
      9.36351,
      9.46306,
      9.55598,
      9.66706,
      9.77307,
      9.891,
      10.0016,
      10.1276,
      10.2184,
      10.3557,
      10.4679,
      10.5828,
      10.7353,
      10.8731,
      11.0008,
      11.1377,
      11.287,
      11.4282,
      11.6068,
      11.761,
      11.9077,
      12.0687,
      12.2668,
      12.2432,
      12.2317,
      12.2183,
      12.163,
      12.1599,
      12.1361,
      12.1015,
      12.1043,
      12.0682,
      12.0283,
      11.996,
      11.9961,
      11.9986,
      11.9649,
      11.9372,
      11.9141,
      11.9254,
      11.8711,
      11.8669,
      11.8577,
      11.83,
      11.8138,
      11.7941,
      11.7734,
      11.7664,
      11.7482,
      11.7329,
      11.7125,
      11.691,
      11.7031,
      11.6883,
      11.6621,
      11.6587,
      11.6416,
      11.6274,
      11.6277,
      11.6023,
      11.6086,
      11.5802,
      11.5844,
      11.5676,
      11.575,
      11.5465,
      11.5309,
      11.5588,
      11.5384,
      11.5348,
      11.5138,
      11.5205,
      11.5065,
      11.515,
      11.4984,
      11.4667,
      11.4747,
      11.4725,
      11.4793,
      11.4496,
      11.4555,
      11.4385,
      11.469,
      11.4668,
      11.4716,
      11.4659,
      11.4579,
      11.4408,
      11.4618,
      11.4225,
      11.4572,
      11.4698,
      11.466,
      11.4559,
      11.4738,
      11.468,
      11.4655,
      11.4754,
      11.4799,
      11.4761,
      11.4915,
      11.491,
      11.4828,
      11.4925,
      11.5183,
      11.5257,
      11.4937,
      11.5119,
      11.5256,
      11.5341,
      11.5448,
      11.5377,
      11.543,
      11.565,
      11.5891,
      11.5803,
      11.5978,
      11.6203,
      11.6321,
      11.6116,
      11.6531,
      11.6498,
      11.6589,
      11.6916,
      11.673,
      11.7007,
      11.7076,
      11.7278,
      11.7499,
      11.7743,
      11.7712,
      11.7899,
      11.8175,
      11.8205,
      11.8445,
      11.8564,
      11.8856,
      11.8897,
      11.9153,
      11.9142,
      19.8972,
      19.9477,
      19.9737,
      20.001,
      19.795,
      19.4356,
      19.1093,
      18.7949,
      18.492,
      18.2087,
      17.9275,
      17.6505,
      17.3819,
      17.1307,
      16.8565,
      16.6599,
      16.4055,
      16.1622,
      15.9552,
      15.7296,
      15.5424,
      15.3326,
      15.1284,
      14.9462,
      14.7611,
      12.6522,
      12.5656,
      12.6051,
      12.6361,
      12.6819,
      12.7007,
      12.7466,
      12.7741,
      12.8088,
      12.8536,
      12.8748,
      12.884,
      12.7461,
      12.613,
      12.4749,
      12.3555,
      12.2419,
      12.12,
      11.9754,
      11.9032,
      11.777,
      11.6491,
      11.5443,
      11.4583,
      11.3426,
      11.2526,
      11.1512,
      11.082,
      10.9698,
      10.8672,
      10.7968,
      10.7146,
      10.6111,
      10.5383,
      10.4455,
      10.3778,
      10.2641,
      10.1951,
      10.1469,
      10.0666,
      9.96711,
      9.91528,
      9.83006,
      9.76098,
      9.71716,
      9.64913,
      9.55246,
      9.48578,
      9.43384,
      9.36799,
      9.3066,
      9.23344,
      9.18444,
      9.13264,
      9.088,
      9.03411,
      8.9714,
      8.91019,
      8.86674,
      8.80717,
      8.74654,
      8.7127,
      8.63649,
      8.60203,
      8.57718,
      8.50784,
      8.47603,
      8.42789,
      8.38678,
      8.31767,
      8.28118,
      0.1,
      0.100167,
      8.15987,
      8.13808,
      8.05969,
      8.02413,
      8.01297,
      7.94645,
      7.91862,
      7.89546,
      7.87046,
      7.80684,
      7.78278,
      7.73541,
      7.69792,
      7.68111,
      7.64582,
      7.60198,
      7.58889,
      7.5412,
      7.50537,
      7.47913,
      7.45989,
      7.42439,
      7.38202,
      7.37104,
      7.33291,
      7.30732,
      7.28081,
      7.26159,
      7.24938,
      7.18992,
      7.18863,
      7.1576,
      7.12213,
      7.08721,
      7.07672,
      7.07283,
      7.03146,
      7.01647,
      6.97052,
      6.95683,
      6.94467,
      6.92423,
      6.89024,
      6.88403,
      6.84266,
      6.82268,
      6.80617,
      6.80729,
      6.76375,
      6.75533,
      6.73602,
      6.72267,
      6.71323,
      6.6865,
      6.66751,
      6.63914,
      6.64447,
      6.62575,
      6.59426,
      6.5765,
      6.5921,
      6.53924,
      6.51586,
      6.51395,
      6.50727,
      6.49057,
      6.48186,
      6.46889,
      6.44756,
      6.44393,
      6.42684,
      6.40493,
      6.39184,
      6.3766,
      6.36846,
      6.34664,
      6.3583,
      6.33391,
      6.31656,
      6.30988,
      6.3056,
      6.29381,
      6.2701,
      6.26528,
      6.27899,
      6.25103,
      6.24614,
      6.24831,
      6.2268,
      6.23419,
      6.20824,
      6.21549,
      6.20279,
      6.19923,
      6.1845,
      6.17849,
      6.16426,
      6.17815,
      6.13457,
      6.14532,
      6.14208,
      6.15546,
      6.1191,
      6.13995,
      6.11486,
      6.10395,
      6.10442,
      6.09849,
      6.10422,
      6.09171,
      6.06979,
      6.08862,
      6.07701,
      6.06399,
      6.0746,
      6.07264,
      6.06722,
      6.04961,
      6.04801,
      6.06858,
      6.0577,
      6.04291,
      6.05211,
      6.04707,
      6.04959,
      6.02764,
      6.04038,
      6.02603,
      6.05244,
      6.04297,
      6.02248,
      6.0395,
      6.02531,
      6.02801,
      6.0271,
      6.03818,
      6.03032,
      6.0387,
      6.04584,
      6.04466,
      6.03081,
      6.03473,
      6.05228,
      6.05112,
      6.0745,
      6.05064,
      6.05775,
      6.04239,
      6.05764,
      6.07868,
      6.07874,
      6.06159,
      6.07963,
      6.08028,
      6.08269,
      6.08124,
      6.07787,
      6.10733,
      6.09193,
      6.10656,
      6.11586,
      6.11911,
      6.10928,
      6.13174,
      6.13141,
      6.12248,
      6.14774,
      6.15765,
      6.14957,
      6.14753,
      6.18394,
      6.16321,
      6.17486,
      6.18912,
      6.20439,
      6.21694,
      6.21163,
      6.2446,
      6.24319,
      6.24842,
      6.26507,
      6.23721,
      6.27,
      6.28595,
      6.29532,
      6.32155,
      6.31045,
      6.32539,
      6.32758,
      6.33504,
      6.33517,
      6.37434,
      6.38331,
      6.39374,
      6.41637,
      6.40325,
      6.42326,
      6.45028,
      6.46149,
      6.48397,
      6.50344,
      6.48854,
      6.51849,
      6.53782,
      6.56732,
      6.55437,
      6.59038,
      6.59513,
      6.60991,
      6.63191,
      6.64393,
      6.65127,
      6.67722,
      6.6776,
      6.6202,
      6.52556,
      6.4594,
      6.3965,
      6.32692,
      6.24632,
      6.17353,
      6.1114,
      6.0679,
      6.00407,
      5.90728,
      5.89845,
      5.82075,
      5.74453,
      5.73273,
      5.66091,
      5.58986,
      5.54661,
      5.52184,
      5.45511,
      5.39868,
      5.35723,
      5.31079,
      5.26671,
      5.22632,
      5.16306,
      5.13797,
      5.10398,
      5.07159,
      5.01895,
      4.98268,
      4.93246,
      4.90259,
      4.85766,
      4.83369,
      4.78218,
      4.74366,
      4.73399,
      4.68787,
      4.63581,
      4.63532,
      4.58883,
      4.54421,
      4.51777,
      4.4947,
      4.44647,
      4.44673,
      4.41967,
      4.38678,
      4.3579,
      4.3249,
      4.28961,
      4.28221,
      4.25997,
      4.21912,
      4.206,
      4.16254,
      4.14831,
      4.11515,
      4.09339,
      4.08566,
      4.06535,
      4.04322,
      4.01566,
      4.01013,
      3.97095,
      3.93055,
      3.92775,
      3.90173,
      3.89067,
      3.86077,
      3.86711,
      3.83589,
      3.82032,
      3.8002,
      3.76739,
      3.76282,
      3.75557,
      3.73291,
      3.7095,
      3.70496,
      3.66847,
      3.64821,
      3.64241,
      3.62861,
      3.60814,
      3.60546,
      3.57003,
      3.55121,
      3.54793,
      3.54034,
      3.53104,
      3.52462,
      3.49223,
      3.51058,
      3.46978,
      3.46727,
      3.44757,
      3.44299,
      3.42621,
      3.42026,
      3.41308,
      3.38872,
      3.37052,
      3.35938,
      3.35208,
      3.36191,
      3.33424,
      3.32081,
      3.29873,
      3.29799,
      3.29805,
      3.30879,
      3.2588,
      3.26331,
      3.25597,
      3.25629,
      3.2528,
      3.22982,
      3.23426,
      3.22528,
      3.19112,
      3.18649,
      3.19177,
      3.15689,
      3.19074,
      3.14569,
      3.13957,
      3.15616,
      3.14254,
      3.11176,
      3.11517,
      3.12238,
      3.09566,
      3.12297,
      3.09038,
      3.08614,
      3.08502,
      3.0716,
      3.06919,
      3.0544,
      3.07871,
      3.04197,
      3.04982,
      3.04341,
      3.03639,
      3.01275,
      3.02781,
      3.00707,
      3.02382,
      3.00698,
      3.00391,
      3.0002,
      2.97662,
      2.9891,
      2.99327,
      2.99118,
      2.99342,
      2.97802,
      2.97724,
      2.94996,
      2.98216,
      2.96559,
      2.9652,
      2.96105,
      2.95839,
      2.95192,
      2.9501,
      2.95871,
      2.924,
      2.93286,
      2.92466,
      2.92749,
      2.90097,
      2.91261,
      2.91653,
      2.89657,
      2.92206,
      2.92081,
      2.90968,
      2.90791,
      2.92579,
      2.91724,
      2.91713,
      2.89937,
      2.90156,
      2.89877,
      2.89651,
      2.88483,
      2.89995,
      2.88696,
      2.89439,
      2.89427,
      2.89051,
      2.8913,
      2.89635,
      2.87625,
      2.89076,
      2.87397,
      2.89516,
      2.90043,
      2.88127,
      2.88674,
      2.87237,
      2.89503,
      2.8842,
      2.87921,
      2.88322,
      2.89085,
      2.89965,
      2.88806,
      2.8867,
      2.8998,
      2.89887,
      2.88302,
      2.89319,
      2.90659,
      2.90811,
      2.89534,
      2.89503,
      2.90919,
      2.8966,
      2.93189,
      2.91118,
      2.91446,
      2.89428,
      2.90503,
      2.91308,
      2.90084,
      2.93771,
      2.92225,
      2.94103,
      2.92967,
      2.93819,
      2.92383,
      2.93597,
      2.9714,
      2.93484,
      2.9454
    ],
    "intensities": [
      0,
      0,
      0,
      0,
      0,
      0,
      0,
      0,
      0,
      0,
      0,
      0,
      0,
      0,
      0,
      0,
      0,
      0,
      0,
      0,
      0,
      0,
      0,
      0,
      0,
      0,
      0,
      0,
      0,
      0,
      0,
      0,
      0,
      0,
      0,
      0,
      0,
      0,
      0,
      0,
      0,
      0,
      0,
      0,
      0,
      0,
      0,
      0,
      0,
      0,
      0,
      0,
      0,
      0,
      0,
      0,
      0,
      0,
      0,
      0,
      0,
      0,
      0,
      0,
      0,
      0,
      0,
      0,
      0,
      0,
      0,
      0,
      0,
      0,
      0,
      0,
      0,
      0,
      0,
      0,
      0,
      0,
      0,
      0,
      0,
      0,
      0,
      0,
      0,
      0,
      0,
      0,
      0,
      0,
      0,
      0,
      0,
      0,
      0,
      0,
      0,
      0,
      0,
      0,
      0,
      0,
      0,
      0,
      0,
      0,
      0,
      0,
      0,
      0,
      0,
      0,
      0,
      0,
      0,
      0,
      0,
      0,
      0,
      0,
      0,
      0,
      0,
      0,
      0,
      0,
      0,
      0,
      0,
      0,
      0,
      0,
      0,
      0,
      0,
      0,
      0,
      0,
      0,
      0,
      0,
      0,
      0,
      0,
      0,
      0,
      0,
      0,
      0,
      0,
      0,
      0,
      0,
      0,
      0,
      0,
      0,
      0,
      0,
      0,
      0,
      0,
      0,
      0,
      0,
      0,
      0,
      0,
      0,
      0,
      0,
      0,
      0,
      0,
      0,
      0,
      0,
      0,
      0,
      0,
      0,
      0,
      0,
      0,
      0,
      0,
      0,
      0,
      0,
      0,
      0,
      0,
      0,
      0,
      0,
      0,
      0,
      0,
      0,
      0,
      0,
      0,
      0,
      0,
      0,
      0,
      0,
      0,
      0,
      0,
      0,
      0,
      0,
      0,
      0,
      0,
      0,
      0,
      0,
      0,
      0,
      0,
      0,
      0,
      0,
      0,
      0,
      0,
      0,
      0,
      0,
      0,
      0,
      0,
      0,
      0,
      0,
      0,
      0,
      0,
      0,
      0,
      0,
      0,
      0,
      0,
      0,
      0,
      0,
      0,
      0,
      0,
      0,
      0,
      0,
      0,
      0,
      0,
      0,
      0,
      0,
      0,
      0,
      0,
      0,
      0,
      0,
      0,
      0,
      0,
      0,
      0,
      0,
      0,
      0,
      0,
      0,
      0,
      0,
      0,
      0,
      0,
      0,
      0,
      0,
      0,
      0,
      0,
      0,
      0,
      0,
      0,
      0,
      0,
      0,
      0,
      0,
      0,
      0,
      0,
      0,
      0,
      0,
      0,
      0,
      0,
      0,
      0,
      0,
      0,
      0,
      0,
      0,
      0,
      0,
      0,
      0,
      0,
      0,
      0,
      0,
      0,
      0,
      0,
      0,
      0,
      0,
      0,
      0,
      0,
      0,
      0,
      0,
      0,
      0,
      0,
      0,
      0,
      0,
      0,
      0,
      0,
      0,
      0,
      0,
      0,
      0,
      0,
      0,
      0,
      0,
      0,
      0,
      0,
      0,
      0,
      0,
      0,
      0,
      0,
      0,
      0,
      0,
      0,
      0,
      0,
      0,
      0,
      0,
      0,
      0,
      0,
      0,
      0,
      0,
      0,
      0,
      0,
      0,
      0,
      0,
      0,
      0,
      0,
      0,
      0,
      0,
      0,
      0,
      0,
      0,
      0,
      0,
      0,
      0,
      0,
      0,
      0,
      0,
      0,
      0,
      0,
      0,
      0,
      0,
      0,
      0,
      0,
      0,
      0,
      0,
      0,
      0,
      0,
      0,
      0,
      0,
      0,
      0,
      0,
      0,
      0,
      0,
      0,
      0,
      0,
      0,
      0,
      0,
      0,
      0,
      0,
      0,
      0,
      0,
      0,
      0,
      0,
      0,
      0,
      0,
      0,
      0,
      0,
      0,
      0,
      0,
      0,
      0,
      0,
      0,
      0,
      0,
      0,
      0,
      0,
      0,
      0,
      0,
      0,
      0,
      0,
      0,
      0,
      0,
      0,
      0,
      0,
      0,
      0,
      0,
      0,
      0,
      0,
      0,
      0,
      0,
      0,
      0,
      0,
      0,
      0,
      0,
      0,
      0,
      0,
      0,
      0,
      0,
      0,
      0,
      0,
      0,
      0,
      0,
      0,
      0,
      0,
      0,
      0,
      0,
      0,
      0,
      0,
      0,
      0,
      0,
      0,
      0,
      0,
      0,
      0,
      0,
      0,
      0,
      0,
      0,
      0,
      0,
      0,
      0,
      0,
      0,
      0,
      0,
      0,
      0,
      0,
      0,
      0,
      0,
      0,
      0,
      0,
      0,
      0,
      0,
      0,
      0,
      0,
      0,
      0,
      0,
      0,
      0,
      0,
      0,
      0,
      0,
      0,
      0,
      0,
      0,
      0,
      0,
      0,
      0,
      0,
      0,
      0,
      0,
      0,
      0,
      0,
      0,
      0,
      0,
      0,
      0,
      0,
      0,
      0,
      0,
      0,
      0,
      0,
      0,
      0,
      0,
      0,
      0,
      0,
      0,
      0,
      0,
      0,
      0,
      0,
      0,
      0,
      0,
      0,
      0,
      0,
      0,
      0,
      0,
      0,
      0,
      0,
      0,
      0,
      0,
      0,
      0,
      0,
      0,
      0,
      0,
      0,
      0,
      0,
      0,
      0,
      0,
      0,
      0,
      0,
      0,
      0,
      0,
      0,
      0,
      0,
      0,
      0,
      0,
      0,
      0,
      0,
      0,
      0,
      0,
      0,
      0,
      0,
      0,
      0,
      0,
      0,
      0,
      0,
      0,
      0,
      0,
      0,
      0,
      0,
      0,
      0,
      0,
      0,
      0,
      0,
      0,
      0,
      0,
      0,
      0,
      0,
      0,
      0,
      0,
      0,
      0,
      0,
      0,
      0,
      0,
      0,
      0,
      0,
      0,
      0,
      0,
      0,
      0,
      0,
      0,
      0,
      0,
      0,
      0,
      0,
      0,
      0,
      0,
      0,
      0,
      0,
      0,
      0,
      0,
      0,
      0,
      0,
      0,
      0,
      0,
      0,
      0,
      0,
      0,
      0,
      0,
      0,
      0,
      0,
      0,
      0,
      0,
      0,
      0,
      0,
      0,
      0,
      0,
      0,
      0,
      0,
      0,
      0,
      0,
      0,
      0,
      0,
      0,
      0,
      0,
      0,
      0,
      0,
      0,
      0,
      0,
      0,
      0,
      0,
      0,
      0,
      0,
      0,
      0,
      0,
      0,
      0,
      0,
      0,
      0,
      0,
      0,
      0,
      0,
      0,
      0,
      0,
      0,
      0,
      0,
      0,
      0,
      0,
      0,
      0,
      0,
      0,
      0,
      0,
      0,
      0,
      0,
      0,
      0,
      0,
      0,
      0,
      0,
      0,
      0,
      0,
      0,
      0,
      0,
      0,
      0,
      0,
      0,
      0,
      0,
      0,
      0,
      0,
      0,
      0,
      0,
      0,
      0,
      0,
      0,
      0,
      0,
      0,
      0,
      0,
      0,
      0,
      0,
      0,
      0,
      0,
      0,
      0,
      0,
      0,
      0,
      0,
      0,
      0,
      0,
      0,
      0,
      0,
      0,
      0,
      0,
      0,
      0,
      0,
      0,
      0,
      0,
      0,
      0,
      0,
      0,
      0,
      0,
      0,
      0,
      0,
      0,
      0,
      0,
      0,
      0,
      0,
      0,
      0,
      0,
      0,
      0,
      0,
      0,
      0,
      0,
      0,
      0,
      0,
      0,
      0,
      0,
      0,
      0,
      0,
      0,
      0,
      0,
      0,
      0,
      0,
      0,
      0,
      0,
      0,
      0,
      0,
      0,
      0,
      0,
      0,
      0,
      0,
      0,
      0,
      0,
      0,
      0,
      0,
      0,
      0,
      0,
      0,
      0,
      0,
      0,
      0,
      0,
      0,
      0,
      0,
      0,
      0,
      0,
      0,
      0,
      0,
      0,
      0,
      0,
      0,
      0,
      0,
      0,
      0,
      0,
      0,
      0,
      0,
      0,
      0,
      0,
      0,
      0,
      0,
      0,
      0,
      0,
      0,
      0,
      0,
      0,
      0,
      0,
      0,
      0,
      0,
      0,
      0,
      0,
      0,
      0,
      0,
      0,
      0,
      0,
      0,
      0,
      0,
      0,
      0,
      0,
      0,
      0,
      0,
      0,
      0,
      0,
      0,
      0,
      0,
      0,
      0,
      0,
      0,
      0,
      0,
      0,
      0,
      0,
      0,
      0,
      0,
      0,
      0,
      0,
      0,
      0,
      0,
      0,
      0,
      0,
      0,
      0,
      0,
      0,
      0,
      0,
      0,
      0,
      0,
      0,
      0,
      0,
      0,
      0,
      0,
      0,
      0,
      0,
      0,
      0,
      0,
      0,
      0,
      0,
      0,
      0,
      0,
      0,
      0,
      0,
      0,
      0,
      0,
      0,
      0,
      0,
      0,
      0,
      0,
      0,
      0,
      0,
      0,
      0,
      0,
      0,
      0,
      0,
      0,
      0,
      0,
      0,
      0,
      0,
      0,
      0,
      0,
      0,
      0,
      0,
      0,
      0,
      0,
      0,
      0,
      0,
      0,
      0,
      0,
      0,
      0,
      0,
      0,
      0,
      0,
      0,
      0,
      0,
      0,
      0,
      0,
      0,
      0,
      0,
      0,
      0,
      0,
      0,
      0,
      0,
      0,
      0,
      0,
      0,
      0
    ]
  },
  "action_history": [
    {
      "key": "J",
      "time": 0.53
    },
    {
      "key": "W",
      "time": 26.0
    },
    {
      "key": "W",
      "time": 25.48
    },
    {
      "key": "W",
      "time": 24.94
    }
  ]
}Executing command: 'W'
Executing command: 'W'
Executing command: 'W'
Executing command: 'W'
Executing command: 'W'
Executing command: 'W'
Executing command: 'W'
Executing command: 'W'
Executing command: 'W'
Executing command: 'W'
Executing command: 'W'
Executing command: 'W'
Executing command: 'W'
Executing command: 'W'
Executing command: 'W'
Executing command: 'W'
Executing command: 'W'
Executing command: 'W'
Executing command: 'W'
Executing command: 'W'
Executing command: 'W'
Executing command: 'W'
Executing command: 'W'
Executing command: 'W'
Executing command: 'W'
Executing command: 'W'
Executing command: 'W'
Executing command: 'W'
Executing command: 'W'
Executing command: 'W'
Executing command: 'W'
Executing command: 'W'
Executing command: 'W'
Executing command: 'W'
Executing command: 'W'
Executing command: 'W'
Executing command: 'W'


[INFO] Sending request to server at http://141.219.171.151:5000/get_action...

--- ACTION PLAN RECEIVED ---
{
  "key": "W",
  "time": 24.5
}
[✓] Action plan saved in text format to: /home/shivayogiakki/action_plan.txt

--- DATA TO BE SENT ---
{
  "lidar_data": {
    "header": {
      "seq": 199,
      "stamp": {
        "secs": 553,
        "nsecs": 22000000
      },
      "frame_id": "laser"
    },
    "angle_min": -3,
    "angle_max": 3,
    "angle_increment": 0.0055607,
    "time_increment": 0,
    "scan_time": 0,
    "range_min": 0.1,
    "range_max": 30,
    "ranges": [
      3.5581,
      3.56073,
      3.5633,
      3.60145,
      3.60464,
      3.6124,
      3.61305,
      3.63137,
      3.63774,
      3.67702,
      3.66525,
      3.6822,
      3.69131,
      3.70727,
      3.72634,
      3.7081,
      3.72585,
      3.74847,
      3.77267,
      3.76834,
      3.7723,
      3.79735,
      3.82293,
      3.84482,
      3.85987,
      3.88256,
      3.8815,
      3.88797,
      3.90539,
      3.9476,
      3.94724,
      3.9872,
      4.0052,
      4.00632,
      4.01295,
      4.06557,
      4.05311,
      4.07706,
      4.09631,
      4.11163,
      4.12566,
      4.14738,
      4.17977,
      4.19426,
      4.22691,
      4.24609,
      4.23863,
      4.27213,
      4.3277,
      4.32421,
      4.3675,
      4.37345,
      4.39705,
      4.42459,
      4.44714,
      4.47522,
      4.49066,
      4.52389,
      4.548,
      4.5825,
      4.59747,
      4.64643,
      4.65094,
      4.70125,
      4.74826,
      4.75337,
      4.77425,
      4.8036,
      4.81468,
      4.87019,
      4.9091,
      4.91739,
      4.96084,
      5.00732,
      5.03975,
      5.04929,
      5.11517,
      5.13974,
      5.18528,
      5.21907,
      5.24736,
      5.30236,
      5.34244,
      5.38189,
      5.41531,
      5.44706,
      5.4603,
      5.42277,
      5.42416,
      5.41285,
      5.38168,
      5.36834,
      5.36379,
      5.32984,
      5.30993,
      5.28408,
      5.27166,
      5.23832,
      5.20671,
      5.22633,
      5.18666,
      5.1884,
      5.16903,
      5.17166,
      5.12397,
      5.10713,
      5.10313,
      5.08859,
      5.07918,
      5.05054,
      5.05299,
      5.02573,
      5.01844,
      5.01712,
      4.99415,
      4.97752,
      4.95982,
      4.9534,
      4.91896,
      4.91293,
      4.90418,
      4.90371,
      4.89193,
      4.89004,
      4.87159,
      4.84596,
      4.84448,
      4.82844,
      4.81038,
      4.80866,
      4.8053,
      4.7858,
      4.78785,
      4.78565,
      4.76286,
      4.74571,
      4.75733,
      4.72971,
      4.72135,
      4.71375,
      4.71076,
      4.72475,
      4.70659,
      4.67873,
      4.69617,
      4.66949,
      4.67456,
      4.67359,
      4.62884,
      4.63307,
      4.63894,
      4.62734,
      4.62592,
      4.62497,
      4.61664,
      4.61922,
      4.60718,
      4.59403,
      4.59913,
      4.57153,
      4.59438,
      4.57389,
      4.59004,
      4.55265,
      4.55449,
      4.5813,
      4.56224,
      4.54128,
      4.53648,
      4.52714,
      4.53134,
      4.54727,
      4.53286,
      4.54169,
      4.53805,
      4.51766,
      4.52826,
      4.51601,
      4.52274,
      4.5171,
      4.512,
      4.52601,
      4.50589,
      4.52064,
      4.49723,
      4.49493,
      4.51333,
      4.51081,
      4.49776,
      4.50229,
      4.52736,
      4.48521,
      4.49658,
      4.48701,
      4.48824,
      4.48973,
      4.5033,
      4.50187,
      4.51492,
      4.49588,
      4.49885,
      4.51755,
      4.50696,
      4.49278,
      4.5044,
      4.50294,
      4.50785,
      4.50453,
      4.51494,
      4.52907,
      4.51709,
      4.50399,
      4.51165,
      4.53173,
      4.50768,
      4.53057,
      4.53106,
      4.54502,
      4.52448,
      4.54693,
      4.54481,
      4.53828,
      4.55076,
      4.55142,
      4.54074,
      4.54359,
      4.57928,
      4.56617,
      4.57846,
      4.58676,
      4.57355,
      4.60579,
      4.58325,
      4.62049,
      4.60482,
      4.606,
      4.62155,
      4.60542,
      4.62807,
      4.63329,
      4.64751,
      4.64377,
      4.66454,
      4.66446,
      4.65903,
      4.67011,
      4.69313,
      4.70914,
      4.69825,
      4.70716,
      4.73401,
      4.71254,
      4.73133,
      4.72491,
      4.7409,
      4.76169,
      4.76615,
      4.76865,
      4.77595,
      4.80233,
      4.82001,
      4.80615,
      4.81853,
      4.84516,
      4.87029,
      4.88238,
      4.87128,
      4.88593,
      4.88041,
      4.91251,
      4.93043,
      4.93168,
      4.95506,
      4.95635,
      4.98345,
      4.97463,
      4.98161,
      5.02811,
      5.0378,
      5.02244,
      5.05775,
      5.08335,
      5.09299,
      5.09946,
      5.1232,
      5.14211,
      5.16704,
      5.17903,
      5.19045,
      5.21515,
      5.2185,
      5.22815,
      5.23961,
      5.25851,
      5.26755,
      5.2961,
      5.31438,
      5.34009,
      5.36255,
      5.37816,
      5.39952,
      5.42574,
      5.43536,
      5.47444,
      5.46796,
      5.47614,
      5.52508,
      5.544,
      5.56544,
      5.58884,
      5.60781,
      5.65693,
      5.64557,
      5.67544,
      5.69773,
      5.73984,
      5.75492,
      5.78247,
      5.81738,
      5.83471,
      5.86463,
      5.89318,
      5.92659,
      5.95229,
      5.99397,
      5.99435,
      6.03783,
      6.07874,
      6.07954,
      6.13864,
      6.16799,
      6.19075,
      6.24029,
      6.25128,
      6.28352,
      6.32426,
      6.3642,
      6.38582,
      6.44547,
      6.46798,
      6.5207,
      6.55499,
      6.58244,
      6.63471,
      6.68144,
      6.6833,
      6.77718,
      6.78732,
      6.82422,
      6.86848,
      6.93374,
      6.96697,
      7.01404,
      7.06237,
      7.11969,
      7.14024,
      7.19517,
      7.26611,
      7.30364,
      7.36778,
      7.40341,
      7.46443,
      7.5234,
      7.57124,
      7.65898,
      7.71055,
      7.75693,
      7.83571,
      7.8737,
      7.93552,
      8.00519,
      8.08941,
      8.13948,
      8.20447,
      8.28179,
      8.34748,
      8.44518,
      8.49519,
      8.58964,
      8.66967,
      8.72452,
      8.80389,
      8.88582,
      8.9956,
      9.09515,
      9.16687,
      9.27808,
      9.35578,
      9.46704,
      9.54791,
      9.64594,
      9.74607,
      9.85655,
      9.96688,
      10.0813,
      10.1937,
      10.313,
      10.4313,
      10.5457,
      10.6778,
      10.808,
      10.9362,
      11.0804,
      11.2228,
      11.3703,
      11.5046,
      11.665,
      11.8099,
      11.9751,
      12.0751,
      12.0237,
      12.0255,
      11.973,
      11.9585,
      11.9408,
      11.9214,
      11.8962,
      11.867,
      11.8342,
      11.8095,
      11.81,
      11.7778,
      11.7574,
      11.7219,
      11.7337,
      11.6957,
      11.6767,
      11.6576,
      11.6245,
      11.6374,
      11.6101,
      11.5746,
      11.578,
      11.5493,
      11.5383,
      11.5169,
      11.5084,
      11.4904,
      11.4949,
      11.475,
      11.4721,
      11.4536,
      11.4134,
      11.4029,
      11.4272,
      11.391,
      11.3741,
      11.3789,
      11.3562,
      11.358,
      11.3484,
      11.3185,
      11.3148,
      11.3437,
      11.3033,
      11.2935,
      11.3064,
      11.2889,
      11.2904,
      11.263,
      11.2586,
      11.2467,
      11.2207,
      11.2319,
      11.2392,
      11.2422,
      11.2254,
      11.2283,
      11.2382,
      11.2192,
      11.2245,
      11.202,
      11.2297,
      11.2101,
      11.1932,
      11.1937,
      11.2206,
      11.2017,
      11.2095,
      11.1995,
      11.2095,
      11.2176,
      11.2119,
      11.1984,
      11.2216,
      11.2035,
      11.2425,
      11.2276,
      11.2319,
      11.2384,
      11.2546,
      11.2137,
      11.2561,
      11.255,
      11.2643,
      11.2711,
      11.2605,
      11.274,
      11.2876,
      11.3066,
      11.2867,
      11.3025,
      11.3165,
      11.3387,
      11.3328,
      11.3303,
      11.3586,
      11.3691,
      11.3962,
      11.3807,
      11.4021,
      11.4146,
      11.433,
      11.4397,
      11.457,
      11.4651,
      11.485,
      11.4827,
      11.5191,
      11.5242,
      11.5315,
      11.574,
      11.5756,
      11.5742,
      11.6048,
      11.6106,
      11.6263,
      11.6662,
      11.671,
      19.6396,
      19.6571,
      19.7061,
      19.7316,
      19.4828,
      19.1524,
      18.8207,
      18.5195,
      18.2158,
      17.9305,
      17.6537,
      17.3811,
      17.1413,
      16.8771,
      16.6178,
      16.3894,
      16.149,
      15.9395,
      15.7113,
      15.4878,
      15.3097,
      15.1044,
      14.902,
      14.7235,
      14.5424,
      14.3502,
      12.2787,
      12.3343,
      12.3478,
      12.3993,
      12.4255,
      12.4708,
      12.5002,
      12.525,
      12.5734,
      12.6022,
      12.6452,
      12.5592,
      12.4233,
      12.3269,
      12.1871,
      12.0636,
      11.9445,
      11.8259,
      11.7018,
      11.6053,
      11.5096,
      11.3768,
      11.278,
      11.1933,
      11.1051,
      11.0162,
      10.9154,
      10.8238,
      10.7313,
      10.629,
      10.5499,
      10.4557,
      10.3677,
      10.3001,
      10.2184,
      10.1576,
      10.0566,
      9.97191,
      9.91881,
      9.83251,
      9.76089,
      9.71094,
      9.61319,
      9.57834,
      9.49473,
      9.42704,
      9.35954,
      9.30113,
      9.22906,
      9.1888,
      9.11458,
      9.07181,
      9.01682,
      8.9381,
      8.89313,
      8.83484,
      8.78223,
      8.75211,
      8.70205,
      8.6333,
      8.57227,
      8.53119,
      8.49305,
      8.43242,
      8.37679,
      8.37456,
      8.30269,
      8.25488,
      8.21373,
      8.16582,
      8.12315,
      8.08802,
      8.04654,
      8.00506,
      7.94377,
      7.94934,
      7.89049,
      7.84684,
      7.81659,
      7.77363,
      7.748,
      7.69628,
      7.67489,
      7.62958,
      7.60247,
      7.57822,
      7.52303,
      7.48934,
      7.45733,
      7.43707,
      7.41086,
      7.37405,
      7.35202,
      7.31974,
      7.28806,
      7.269,
      7.23668,
      7.20067,
      7.17598,
      7.15854,
      7.12601,
      7.10918,
      7.08429,
      7.04516,
      7.04424,
      7.02912,
      6.97175,
      6.96244,
      6.93628,
      6.91387,
      6.88237,
      6.86113,
      6.84701,
      6.81781,
      6.79308,
      6.79803,
      6.73877,
      6.74865,
      6.7023,
      6.69145,
      6.67818,
      6.67556,
      6.62432,
      6.61619,
      6.59121,
      6.57954,
      6.56716,
      6.54672,
      6.54653,
      6.5422,
      6.51162,
      6.49917,
      6.46232,
      6.46015,
      6.44103,
      6.44654,
      6.43433,
      6.40112,
      6.3756,
      6.37329,
      6.37006,
      6.33574,
      6.3421,
      6.31626,
      6.30375,
      6.28596,
      6.28672,
      6.27685,
      6.26262,
      6.23961,
      6.23403,
      6.21517,
      6.21597,
      6.19481,
      6.19827,
      6.19432,
      6.19811,
      6.1709,
      6.16471,
      6.14749,
      6.13542,
      6.14404,
      6.13337,
      6.09668,
      6.11369,
      6.10585,
      6.07657,
      6.09991,
      6.08323,
      6.0782,
      6.05277,
      6.06554,
      6.05215,
      6.04331,
      6.03223,
      6.03475,
      6.04459,
      6.04225,
      6.01237,
      6.00925,
      6.00602,
      6.01191,
      6.00043,
      6.00015,
      6.02182,
      5.98934,
      5.98682,
      5.99365,
      5.99555,
      5.96025,
      5.96763,
      5.9856,
      5.9712,
      5.95299,
      5.95223,
      5.9851,
      5.98481,
      5.95613,
      5.96169,
      5.94354,
      5.96246,
      5.94631,
      5.95913,
      5.94902,
      5.94652,
      5.95131,
      5.95872,
      5.94464,
      5.95996,
      5.95423,
      5.96208,
      5.9714,
      5.96047,
      5.9604,
      5.96331,
      5.96662,
      5.95219,
      5.96695,
      5.97801,
      5.95755,
      5.97322,
      5.996,
      5.99526,
      5.97211,
      5.976,
      5.98833,
      5.9931,
      6.00583,
      6.0023,
      6.00431,
      6.01096,
      6.01695,
      6.0086,
      6.03902,
      6.03801,
      6.03599,
      6.04031,
      6.06171,
      6.05676,
      6.078,
      6.07543,
      6.07856,
      6.08841,
      6.10272,
      6.07842,
      6.11625,
      6.11273,
      6.1172,
      6.11778,
      6.13105,
      6.15655,
      6.14581,
      6.17316,
      6.16353,
      6.18103,
      6.19738,
      6.21532,
      6.20659,
      6.21418,
      6.25408,
      6.24395,
      6.26632,
      6.26042,
      6.2845,
      6.30912,
      6.29814,
      6.3062,
      6.33042,
      6.34889,
      6.36323,
      6.38381,
      6.37983,
      6.40146,
      6.40807,
      6.44563,
      6.43197,
      6.46638,
      6.46628,
      6.50561,
      6.50202,
      6.52156,
      6.5206,
      6.57529,
      6.57831,
      6.58675,
      6.61257,
      6.61342,
      6.62599,
      6.65996,
      6.67674,
      6.67824,
      6.70725,
      6.72951,
      6.64831,
      6.58332,
      6.51404,
      6.42763,
      6.37707,
      6.32614,
      6.26964,
      6.20125,
      6.14139,
      6.08612,
      6.04414,
      5.97093,
      5.92296,
      5.85777,
      5.82458,
      5.79067,
      5.72065,
      5.67331,
      5.63789,
      5.59048,
      5.53492,
      5.47784,
      5.44,
      5.41247,
      5.36847,
      5.32049,
      5.28502,
      5.24981,
      5.18551,
      5.16447,
      5.13413,
      5.07948,
      5.07038,
      5.00967,
      4.97686,
      4.95334,
      4.91726,
      4.89023,
      4.86805,
      4.83137,
      4.78985,
      4.78624,
      4.73305,
      4.68789,
      4.68317,
      4.62699,
      4.626,
      4.59875,
      4.55611,
      4.53444,
      4.50171,
      4.48184,
      4.45865,
      4.43242,
      4.41775,
      4.39275,
      4.34732,
      4.33461,
      4.30069,
      4.29444,
      4.28116,
      4.24119,
      4.21837,
      4.2161,
      4.18015,
      4.17487,
      4.15187,
      4.11608,
      4.11519,
      4.09606,
      4.07404,
      4.04459,
      4.03234,
      4.01513,
      4.01439,
      3.99037,
      3.94677,
      3.92875,
      3.93069,
      3.91229,
      3.90853,
      3.88091,
      3.86166,
      3.84146,
      3.82481,
      3.82128,
      3.78687,
      3.80274,
      3.77671,
      3.7555,
      3.73845,
      3.74199,
      3.73181,
      3.70981,
      3.70515,
      3.69317,
      3.66449,
      3.66189,
      3.63819,
      3.64678,
      3.61722,
      3.62067,
      3.60086,
      3.59683,
      3.56485,
      3.57882,
      3.54743,
      3.53697,
      3.53804,
      3.51158,
      3.51656,
      3.51695,
      3.49751,
      3.49054,
      3.48448,
      3.46695,
      3.46118,
      3.46169,
      3.44889,
      3.43487,
      3.43301,
      3.42628,
      3.4058,
      3.40066,
      3.39211,
      3.38295,
      3.381,
      3.37234,
      3.36438,
      3.35308,
      3.36353,
      3.33829,
      3.34638,
      3.31954,
      3.32508,
      3.31266,
      3.31006,
      3.31017,
      3.30463,
      3.30008,
      3.28112,
      3.27321,
      3.26295,
      3.2853,
      3.26668,
      3.2713,
      3.2631,
      3.25692,
      3.25078,
      3.24864,
      3.23085,
      3.23285,
      3.22051,
      3.21717,
      3.22797,
      3.22415,
      3.21173,
      3.19528,
      3.18973,
      3.19377,
      3.19729,
      3.17695,
      3.18864,
      3.19911,
      3.19375,
      3.17671,
      3.16706,
      3.1741,
      3.16902,
      3.17025,
      3.14466,
      3.16405,
      3.16219,
      3.15686,
      3.15593,
      3.16576,
      3.15195,
      3.14519,
      3.15977,
      3.1417,
      3.15517,
      3.1585,
      3.14205,
      3.14958,
      3.16135,
      3.15086,
      3.14773,
      3.13531,
      3.12697,
      3.13101,
      3.14842,
      3.15078,
      3.14098,
      3.15752,
      3.14308,
      3.13524,
      3.13644,
      3.12063,
      3.15214,
      3.13976,
      3.12291,
      3.13173,
      3.13604,
      3.13818,
      3.14398,
      3.14294,
      3.14741,
      3.15121,
      3.13357,
      3.15094,
      3.14514,
      3.16941,
      3.15287,
      3.14832,
      3.14528,
      3.15782,
      3.17237,
      3.16413,
      3.16949,
      3.18245,
      3.17075,
      3.18998,
      3.15978,
      3.18295,
      3.17444,
      3.2096,
      3.18533,
      3.19326,
      3.18696,
      3.17651,
      3.18719,
      3.20462
    ],
    "intensities": [
      0,
      0,
      0,
      0,
      0,
      0,
      0,
      0,
      0,
      0,
      0,
      0,
      0,
      0,
      0,
      0,
      0,
      0,
      0,
      0,
      0,
      0,
      0,
      0,
      0,
      0,
      0,
      0,
      0,
      0,
      0,
      0,
      0,
      0,
      0,
      0,
      0,
      0,
      0,
      0,
      0,
      0,
      0,
      0,
      0,
      0,
      0,
      0,
      0,
      0,
      0,
      0,
      0,
      0,
      0,
      0,
      0,
      0,
      0,
      0,
      0,
      0,
      0,
      0,
      0,
      0,
      0,
      0,
      0,
      0,
      0,
      0,
      0,
      0,
      0,
      0,
      0,
      0,
      0,
      0,
      0,
      0,
      0,
      0,
      0,
      0,
      0,
      0,
      0,
      0,
      0,
      0,
      0,
      0,
      0,
      0,
      0,
      0,
      0,
      0,
      0,
      0,
      0,
      0,
      0,
      0,
      0,
      0,
      0,
      0,
      0,
      0,
      0,
      0,
      0,
      0,
      0,
      0,
      0,
      0,
      0,
      0,
      0,
      0,
      0,
      0,
      0,
      0,
      0,
      0,
      0,
      0,
      0,
      0,
      0,
      0,
      0,
      0,
      0,
      0,
      0,
      0,
      0,
      0,
      0,
      0,
      0,
      0,
      0,
      0,
      0,
      0,
      0,
      0,
      0,
      0,
      0,
      0,
      0,
      0,
      0,
      0,
      0,
      0,
      0,
      0,
      0,
      0,
      0,
      0,
      0,
      0,
      0,
      0,
      0,
      0,
      0,
      0,
      0,
      0,
      0,
      0,
      0,
      0,
      0,
      0,
      0,
      0,
      0,
      0,
      0,
      0,
      0,
      0,
      0,
      0,
      0,
      0,
      0,
      0,
      0,
      0,
      0,
      0,
      0,
      0,
      0,
      0,
      0,
      0,
      0,
      0,
      0,
      0,
      0,
      0,
      0,
      0,
      0,
      0,
      0,
      0,
      0,
      0,
      0,
      0,
      0,
      0,
      0,
      0,
      0,
      0,
      0,
      0,
      0,
      0,
      0,
      0,
      0,
      0,
      0,
      0,
      0,
      0,
      0,
      0,
      0,
      0,
      0,
      0,
      0,
      0,
      0,
      0,
      0,
      0,
      0,
      0,
      0,
      0,
      0,
      0,
      0,
      0,
      0,
      0,
      0,
      0,
      0,
      0,
      0,
      0,
      0,
      0,
      0,
      0,
      0,
      0,
      0,
      0,
      0,
      0,
      0,
      0,
      0,
      0,
      0,
      0,
      0,
      0,
      0,
      0,
      0,
      0,
      0,
      0,
      0,
      0,
      0,
      0,
      0,
      0,
      0,
      0,
      0,
      0,
      0,
      0,
      0,
      0,
      0,
      0,
      0,
      0,
      0,
      0,
      0,
      0,
      0,
      0,
      0,
      0,
      0,
      0,
      0,
      0,
      0,
      0,
      0,
      0,
      0,
      0,
      0,
      0,
      0,
      0,
      0,
      0,
      0,
      0,
      0,
      0,
      0,
      0,
      0,
      0,
      0,
      0,
      0,
      0,
      0,
      0,
      0,
      0,
      0,
      0,
      0,
      0,
      0,
      0,
      0,
      0,
      0,
      0,
      0,
      0,
      0,
      0,
      0,
      0,
      0,
      0,
      0,
      0,
      0,
      0,
      0,
      0,
      0,
      0,
      0,
      0,
      0,
      0,
      0,
      0,
      0,
      0,
      0,
      0,
      0,
      0,
      0,
      0,
      0,
      0,
      0,
      0,
      0,
      0,
      0,
      0,
      0,
      0,
      0,
      0,
      0,
      0,
      0,
      0,
      0,
      0,
      0,
      0,
      0,
      0,
      0,
      0,
      0,
      0,
      0,
      0,
      0,
      0,
      0,
      0,
      0,
      0,
      0,
      0,
      0,
      0,
      0,
      0,
      0,
      0,
      0,
      0,
      0,
      0,
      0,
      0,
      0,
      0,
      0,
      0,
      0,
      0,
      0,
      0,
      0,
      0,
      0,
      0,
      0,
      0,
      0,
      0,
      0,
      0,
      0,
      0,
      0,
      0,
      0,
      0,
      0,
      0,
      0,
      0,
      0,
      0,
      0,
      0,
      0,
      0,
      0,
      0,
      0,
      0,
      0,
      0,
      0,
      0,
      0,
      0,
      0,
      0,
      0,
      0,
      0,
      0,
      0,
      0,
      0,
      0,
      0,
      0,
      0,
      0,
      0,
      0,
      0,
      0,
      0,
      0,
      0,
      0,
      0,
      0,
      0,
      0,
      0,
      0,
      0,
      0,
      0,
      0,
      0,
      0,
      0,
      0,
      0,
      0,
      0,
      0,
      0,
      0,
      0,
      0,
      0,
      0,
      0,
      0,
      0,
      0,
      0,
      0,
      0,
      0,
      0,
      0,
      0,
      0,
      0,
      0,
      0,
      0,
      0,
      0,
      0,
      0,
      0,
      0,
      0,
      0,
      0,
      0,
      0,
      0,
      0,
      0,
      0,
      0,
      0,
      0,
      0,
      0,
      0,
      0,
      0,
      0,
      0,
      0,
      0,
      0,
      0,
      0,
      0,
      0,
      0,
      0,
      0,
      0,
      0,
      0,
      0,
      0,
      0,
      0,
      0,
      0,
      0,
      0,
      0,
      0,
      0,
      0,
      0,
      0,
      0,
      0,
      0,
      0,
      0,
      0,
      0,
      0,
      0,
      0,
      0,
      0,
      0,
      0,
      0,
      0,
      0,
      0,
      0,
      0,
      0,
      0,
      0,
      0,
      0,
      0,
      0,
      0,
      0,
      0,
      0,
      0,
      0,
      0,
      0,
      0,
      0,
      0,
      0,
      0,
      0,
      0,
      0,
      0,
      0,
      0,
      0,
      0,
      0,
      0,
      0,
      0,
      0,
      0,
      0,
      0,
      0,
      0,
      0,
      0,
      0,
      0,
      0,
      0,
      0,
      0,
      0,
      0,
      0,
      0,
      0,
      0,
      0,
      0,
      0,
      0,
      0,
      0,
      0,
      0,
      0,
      0,
      0,
      0,
      0,
      0,
      0,
      0,
      0,
      0,
      0,
      0,
      0,
      0,
      0,
      0,
      0,
      0,
      0,
      0,
      0,
      0,
      0,
      0,
      0,
      0,
      0,
      0,
      0,
      0,
      0,
      0,
      0,
      0,
      0,
      0,
      0,
      0,
      0,
      0,
      0,
      0,
      0,
      0,
      0,
      0,
      0,
      0,
      0,
      0,
      0,
      0,
      0,
      0,
      0,
      0,
      0,
      0,
      0,
      0,
      0,
      0,
      0,
      0,
      0,
      0,
      0,
      0,
      0,
      0,
      0,
      0,
      0,
      0,
      0,
      0,
      0,
      0,
      0,
      0,
      0,
      0,
      0,
      0,
      0,
      0,
      0,
      0,
      0,
      0,
      0,
      0,
      0,
      0,
      0,
      0,
      0,
      0,
      0,
      0,
      0,
      0,
      0,
      0,
      0,
      0,
      0,
      0,
      0,
      0,
      0,
      0,
      0,
      0,
      0,
      0,
      0,
      0,
      0,
      0,
      0,
      0,
      0,
      0,
      0,
      0,
      0,
      0,
      0,
      0,
      0,
      0,
      0,
      0,
      0,
      0,
      0,
      0,
      0,
      0,
      0,
      0,
      0,
      0,
      0,
      0,
      0,
      0,
      0,
      0,
      0,
      0,
      0,
      0,
      0,
      0,
      0,
      0,
      0,
      0,
      0,
      0,
      0,
      0,
      0,
      0,
      0,
      0,
      0,
      0,
      0,
      0,
      0,
      0,
      0,
      0,
      0,
      0,
      0,
      0,
      0,
      0,
      0,
      0,
      0,
      0,
      0,
      0,
      0,
      0,
      0,
      0,
      0,
      0,
      0,
      0,
      0,
      0,
      0,
      0,
      0,
      0,
      0,
      0,
      0,
      0,
      0,
      0,
      0,
      0,
      0,
      0,
      0,
      0,
      0,
      0,
      0,
      0,
      0,
      0,
      0,
      0,
      0,
      0,
      0,
      0,
      0,
      0,
      0,
      0,
      0,
      0,
      0,
      0,
      0,
      0,
      0,
      0,
      0,
      0,
      0,
      0,
      0,
      0,
      0,
      0,
      0,
      0,
      0,
      0,
      0,
      0,
      0,
      0,
      0,
      0,
      0,
      0,
      0,
      0,
      0,
      0,
      0,
      0,
      0,
      0,
      0,
      0,
      0,
      0,
      0,
      0,
      0,
      0,
      0,
      0,
      0,
      0,
      0,
      0,
      0,
      0,
      0,
      0,
      0,
      0,
      0,
      0,
      0,
      0,
      0,
      0,
      0,
      0,
      0,
      0,
      0,
      0,
      0,
      0,
      0,
      0,
      0,
      0,
      0,
      0,
      0,
      0,
      0,
      0,
      0,
      0,
      0,
      0,
      0,
      0,
      0,
      0,
      0,
      0,
      0,
      0,
      0,
      0,
      0,
      0,
      0,
      0,
      0,
      0,
      0,
      0,
      0,
      0,
      0,
      0,
      0,
      0,
      0,
      0,
      0,
      0,
      0,
      0,
      0,
      0,
      0,
      0,
      0,
      0,
      0,
      0,
      0,
      0,
      0,
      0,
      0,
      0,
      0,
      0,
      0,
      0,
      0,
      0,
      0,
      0,
      0,
      0,
      0,
      0,
      0,
      0,
      0,
      0,
      0,
      0,
      0,
      0,
      0,
      0,
      0,
      0,
      0,
      0,
      0,
      0,
      0,
      0,
      0,
      0,
      0,
      0,
      0,
      0,
      0,
      0,
      0,
      0,
      0,
      0
    ]
  },
  "action_history": [
    {
      "key": "J",
      "time": 0.53
    },
    {
      "key": "W",
      "time": 26.0
    },
    {
      "key": "W",
      "time": 25.48
    },
    {
      "key": "W",
      "time": 24.94
    },
    {
      "key": "W",
      "time": 24.5
    }
  ]
}Executing command: 'W'
Executing command: 'W'
Executing command: 'W'
Executing command: 'W'
Executing command: 'W'
Executing command: 'W'
Executing command: 'W'
Executing command: 'W'
Executing command: 'W'
Executing command: 'W'
Executing command: 'W'
Executing command: 'W'
Executing command: 'W'
Executing command: 'W'
Executing command: 'W'
Executing command: 'W'
Executing command: 'W'
Executing command: 'W'
Executing command: 'W'
Executing command: 'W'
Executing command: 'W'
Executing command: 'W'
Executing command: 'W'
Executing command: 'W'
Executing command: 'W'
Executing command: 'W'
Executing command: 'W'
Executing command: 'W'
Executing command: 'W'
Executing command: 'W'
Executing command: 'W'
Executing command: 'W'
Executing command: 'W'
Executing command: 'W'
Executing command: 'W'
Executing command: 'W'
Executing command: 'W'


[INFO] Sending request to server at http://141.219.171.151:5000/get_action...

--- ACTION PLAN RECEIVED ---
{
  "key": "W",
  "time": 23.88
}
[✓] Action plan saved in text format to: /home/shivayogiakki/action_plan.txt

--- DATA TO BE SENT ---
{
  "lidar_data": {
    "header": {
      "seq": 237,
      "stamp": {
        "secs": 556,
        "nsecs": 823000000
      },
      "frame_id": "laser"
    },
    "angle_min": -3,
    "angle_max": 3,
    "angle_increment": 0.0055607,
    "time_increment": 0,
    "scan_time": 0,
    "range_min": 0.1,
    "range_max": 30,
    "ranges": [
      3.85704,
      3.83678,
      3.86943,
      3.87996,
      3.8793,
      3.90202,
      3.89873,
      3.89778,
      3.92747,
      3.93325,
      3.95205,
      3.95989,
      3.97647,
      3.98872,
      4.00841,
      4.01007,
      4.03691,
      4.04622,
      4.05821,
      4.06783,
      4.10191,
      4.11304,
      4.13822,
      4.14943,
      4.15514,
      4.18032,
      4.1852,
      4.20857,
      4.23029,
      4.24595,
      4.26434,
      4.28365,
      4.29926,
      4.32662,
      4.32943,
      4.36621,
      4.3775,
      4.40104,
      4.41843,
      4.42159,
      4.45246,
      4.49467,
      4.48689,
      4.53667,
      4.54772,
      4.56643,
      4.59441,
      4.60978,
      4.64079,
      4.64924,
      4.68976,
      4.69982,
      4.72339,
      4.77138,
      4.79415,
      4.82805,
      4.84149,
      4.90009,
      4.91495,
      4.93171,
      4.96226,
      5.00643,
      4.99765,
      5.01783,
      5.07042,
      5.10887,
      5.15993,
      5.1734,
      5.20579,
      5.23083,
      5.27493,
      5.31331,
      5.34761,
      5.37121,
      5.41747,
      5.44247,
      5.51016,
      5.52781,
      5.57077,
      5.63791,
      5.67006,
      5.68851,
      5.68334,
      5.64917,
      5.63173,
      5.60907,
      5.57863,
      5.55855,
      5.55105,
      5.51416,
      5.50131,
      5.49491,
      5.4709,
      5.41988,
      5.41256,
      5.40793,
      5.39284,
      5.38261,
      5.356,
      5.33553,
      5.29915,
      5.32222,
      5.28918,
      5.24927,
      5.26175,
      5.23241,
      5.22332,
      5.20578,
      5.1819,
      5.17476,
      5.16181,
      5.14349,
      5.10658,
      5.11588,
      5.10598,
      5.08737,
      5.08986,
      5.04667,
      5.04102,
      5.01624,
      5.02042,
      4.99649,
      5.00701,
      4.99135,
      4.9751,
      4.94117,
      4.94245,
      4.91951,
      4.94112,
      4.91044,
      4.90244,
      4.90493,
      4.88955,
      4.86306,
      4.87256,
      4.86654,
      4.84831,
      4.83607,
      4.81679,
      4.82704,
      4.82197,
      4.80915,
      4.78714,
      4.78835,
      4.77957,
      4.78908,
      4.76953,
      4.75637,
      4.74892,
      4.72514,
      4.73699,
      4.74273,
      4.72391,
      4.73398,
      4.72143,
      4.71103,
      4.70309,
      4.67963,
      4.67943,
      4.68833,
      4.68758,
      4.65834,
      4.66013,
      4.65541,
      4.65058,
      4.6221,
      4.6576,
      4.6435,
      4.63839,
      4.63714,
      4.62167,
      4.64283,
      4.61764,
      4.6293,
      4.61534,
      4.59894,
      4.63623,
      4.61287,
      4.60945,
      4.60721,
      4.61311,
      4.58915,
      4.60489,
      4.59197,
      4.58448,
      4.58369,
      4.57861,
      4.59373,
      4.59154,
      4.60011,
      4.60903,
      4.58647,
      4.59825,
      4.58817,
      4.59203,
      4.58037,
      4.57612,
      4.59239,
      4.5893,
      4.57543,
      4.57561,
      4.59586,
      4.59925,
      4.59588,
      4.56556,
      4.59785,
      4.58742,
      4.58825,
      4.58981,
      4.60588,
      4.59637,
      4.59852,
      4.6103,
      4.61725,
      4.59905,
      4.61274,
      4.60666,
      4.60536,
      4.62843,
      4.60823,
      4.61433,
      4.64247,
      4.6185,
      4.65576,
      4.64383,
      4.62761,
      4.65614,
      4.65759,
      4.68524,
      4.64852,
      4.66389,
      4.6726,
      4.69588,
      4.69728,
      4.68988,
      4.70023,
      4.71501,
      4.71762,
      4.73544,
      4.73407,
      4.72829,
      4.73644,
      4.76032,
      4.73294,
      4.76331,
      4.7648,
      4.76637,
      4.7727,
      4.8146,
      4.7796,
      4.7954,
      4.82186,
      4.83067,
      4.84269,
      4.82915,
      4.84711,
      4.87079,
      4.8697,
      4.87939,
      4.88338,
      4.88593,
      4.92117,
      4.92409,
      4.94635,
      4.92455,
      4.95388,
      4.96217,
      4.97401,
      4.97486,
      5.00193,
      5.00197,
      5.02676,
      5.04848,
      5.0509,
      5.06858,
      5.08672,
      5.08614,
      5.10087,
      5.1199,
      5.13787,
      5.15981,
      5.15456,
      5.17282,
      5.19736,
      5.20976,
      5.21334,
      5.22611,
      5.24109,
      5.26338,
      5.28902,
      5.30453,
      5.32429,
      5.32765,
      5.34626,
      5.36301,
      5.39718,
      5.41569,
      5.42201,
      5.44874,
      5.47393,
      5.49663,
      5.51241,
      5.519,
      5.55746,
      5.56715,
      5.5868,
      5.612,
      5.65107,
      5.64515,
      5.68313,
      5.7142,
      5.72513,
      5.75572,
      5.78673,
      5.79172,
      5.82186,
      5.85921,
      5.89253,
      5.92292,
      5.94829,
      5.96212,
      5.98686,
      6.01167,
      6.04749,
      6.08401,
      6.09823,
      6.13823,
      6.16507,
      6.20982,
      6.23212,
      6.24686,
      6.28572,
      6.33256,
      6.36142,
      6.40866,
      6.43566,
      6.45518,
      6.5046,
      6.53552,
      6.5846,
      6.61425,
      6.64655,
      6.6976,
      6.74993,
      6.77402,
      6.81984,
      6.86042,
      6.90836,
      6.94043,
      6.97121,
      7.02657,
      7.05921,
      7.14623,
      7.16588,
      7.22108,
      7.26582,
      7.3071,
      7.36984,
      7.40641,
      7.4661,
      7.51801,
      7.58088,
      7.65048,
      7.69459,
      7.75659,
      7.80244,
      7.87593,
      7.93665,
      8.01071,
      8.05208,
      8.12457,
      8.20952,
      8.2637,
      8.34661,
      8.43014,
      8.47229,
      8.55501,
      8.60748,
      8.70877,
      8.78242,
      8.87046,
      8.95472,
      9.0137,
      9.12722,
      9.19242,
      9.2952,
      9.38582,
      9.47246,
      9.56531,
      9.68232,
      9.77419,
      9.8815,
      9.99123,
      10.1069,
      10.2148,
      10.3098,
      10.4498,
      10.5454,
      10.6883,
      10.8177,
      10.9363,
      11.0546,
      11.1962,
      11.3244,
      11.4731,
      11.6273,
      11.8167,
      11.8593,
      11.8332,
      11.8298,
      11.7825,
      11.7602,
      11.7321,
      11.7017,
      11.6829,
      11.6618,
      11.6312,
      11.6049,
      11.5823,
      11.5767,
      11.5496,
      11.5315,
      11.5183,
      11.4877,
      11.4552,
      11.4586,
      11.4209,
      11.4223,
      11.3854,
      11.378,
      11.3619,
      11.334,
      11.3286,
      11.2972,
      11.2896,
      11.2863,
      11.2742,
      11.2468,
      11.2267,
      11.2179,
      11.1962,
      11.1875,
      11.1813,
      11.1491,
      11.168,
      11.1316,
      11.1229,
      11.1221,
      11.1027,
      11.0833,
      11.0834,
      11.0841,
      11.0773,
      11.0687,
      11.0655,
      11.0502,
      11.0282,
      11.0306,
      11.0395,
      11.0285,
      11.0123,
      10.9921,
      11.0021,
      10.9883,
      10.9784,
      10.9695,
      10.982,
      10.972,
      10.9754,
      10.9821,
      10.9618,
      10.9564,
      10.9748,
      10.9484,
      10.9643,
      10.9628,
      10.9746,
      10.9597,
      10.9613,
      10.9423,
      10.9668,
      10.9716,
      10.956,
      10.9547,
      10.9518,
      10.9517,
      10.9543,
      10.9552,
      10.9668,
      10.9548,
      10.9728,
      10.9731,
      10.9876,
      10.997,
      10.9836,
      10.9997,
      11.017,
      11.0214,
      11.0322,
      11.0235,
      11.0386,
      11.0477,
      11.0513,
      11.0634,
      11.0708,
      11.0905,
      11.1019,
      11.0922,
      11.1003,
      11.1332,
      11.1424,
      11.129,
      11.1622,
      11.1649,
      11.1847,
      11.1762,
      11.1955,
      11.2111,
      11.24,
      11.2442,
      11.2587,
      11.2952,
      11.3147,
      11.2941,
      11.3343,
      11.3311,
      11.361,
      11.3702,
      11.4113,
      11.423,
      19.4126,
      19.4257,
      19.4425,
      19.3989,
      19.0604,
      18.7528,
      18.4257,
      18.1455,
      17.8505,
      17.5663,
      17.2864,
      17.0348,
      16.7726,
      16.5362,
      16.3047,
      16.0543,
      15.8462,
      15.6227,
      15.4164,
      15.1886,
      15,
      14.8128,
      14.6153,
      14.4379,
      14.2726,
      14.1057,
      12.0362,
      12.0578,
      12.1002,
      12.1233,
      12.1547,
      12.1925,
      12.2148,
      12.2636,
      12.295,
      12.3186,
      12.3648,
      12.3285,
      12.1972,
      12.0909,
      11.9631,
      11.838,
      11.7377,
      11.6208,
      11.5187,
      11.4084,
      11.2944,
      11.1819,
      11.0901,
      10.9862,
      10.8958,
      10.8013,
      10.7165,
      10.614,
      10.5276,
      10.451,
      10.3641,
      10.2901,
      10.2042,
      10.1035,
      10.0468,
      9.9532,
      9.88567,
      9.8161,
      9.74167,
      9.66382,
      9.59788,
      9.52693,
      9.45549,
      9.39041,
      9.32184,
      9.2722,
      9.20018,
      9.153,
      9.09108,
      9.02504,
      8.98395,
      8.90565,
      8.86003,
      8.7962,
      8.72837,
      8.71126,
      8.63965,
      8.57445,
      8.54401,
      8.47934,
      8.45429,
      8.39498,
      8.33701,
      8.29137,
      8.24473,
      8.20704,
      8.16885,
      8.12479,
      8.07627,
      8.02968,
      7.99104,
      7.94876,
      7.90721,
      7.87262,
      7.83125,
      7.78002,
      7.76816,
      7.70913,
      7.67331,
      7.63588,
      7.60374,
      7.56646,
      7.54708,
      7.4925,
      7.48516,
      7.45488,
      7.42075,
      7.37855,
      7.36749,
      7.30363,
      7.28251,
      7.26499,
      7.23662,
      7.19037,
      7.18587,
      7.16174,
      7.12233,
      7.08047,
      7.06461,
      7.03795,
      7.02481,
      6.97516,
      6.94389,
      6.92833,
      6.90479,
      6.87074,
      6.87258,
      6.83068,
      6.79859,
      6.78453,
      6.75748,
      6.73918,
      6.73048,
      6.71284,
      6.70308,
      6.6622,
      6.64658,
      6.61616,
      6.60969,
      6.56426,
      6.58239,
      6.54158,
      6.55402,
      6.50244,
      6.50476,
      6.46121,
      6.46677,
      6.47671,
      6.43303,
      6.43192,
      6.38045,
      6.38502,
      6.36294,
      6.37444,
      6.35374,
      6.30903,
      6.31939,
      6.30958,
      6.28073,
      6.26344,
      6.24693,
      6.24003,
      6.21614,
      6.22254,
      6.20623,
      6.1953,
      6.21364,
      6.18081,
      6.16093,
      6.16524,
      6.13454,
      6.14267,
      6.13311,
      6.11073,
      6.09478,
      6.09259,
      6.08774,
      6.06819,
      6.07833,
      6.06284,
      6.03735,
      6.03101,
      6.03524,
      6.01971,
      6.01773,
      5.9969,
      5.99556,
      5.98952,
      5.98445,
      5.97244,
      5.96292,
      5.95198,
      5.98127,
      5.95809,
      5.96962,
      5.937,
      5.93649,
      5.92931,
      5.92976,
      5.90744,
      5.93055,
      5.9246,
      5.91373,
      5.91229,
      5.89964,
      5.88276,
      5.90877,
      5.88929,
      5.87956,
      5.88129,
      5.87677,
      5.87969,
      5.86623,
      5.88537,
      5.87308,
      5.87242,
      5.88238,
      5.83999,
      5.86168,
      5.8681,
      5.87077,
      5.85734,
      5.86474,
      5.85972,
      5.86656,
      5.8626,
      5.86351,
      5.8607,
      5.87394,
      5.87478,
      5.87149,
      5.85224,
      5.87996,
      5.87873,
      5.87745,
      5.88553,
      5.87123,
      5.87739,
      5.88945,
      5.87241,
      5.89978,
      5.88732,
      5.89429,
      5.91524,
      5.9225,
      5.91248,
      5.91092,
      5.91925,
      5.93231,
      5.92225,
      5.92115,
      5.92937,
      5.9252,
      5.93693,
      5.93988,
      5.95741,
      5.95804,
      5.98396,
      5.96664,
      5.96027,
      5.97047,
      5.99483,
      5.97992,
      5.97929,
      6.02787,
      6.01923,
      6.02379,
      6.04513,
      6.06316,
      6.05489,
      6.06678,
      6.05927,
      6.05927,
      6.09014,
      6.09518,
      6.1154,
      6.11827,
      6.12792,
      6.14738,
      6.15808,
      6.16463,
      6.16686,
      6.18121,
      6.2011,
      6.20383,
      6.21066,
      6.22373,
      6.23837,
      6.24404,
      6.25751,
      6.27226,
      6.2854,
      6.31597,
      6.32955,
      6.3308,
      6.33075,
      6.36911,
      6.3676,
      6.38873,
      6.40005,
      6.42175,
      6.45193,
      6.46196,
      6.46635,
      6.49009,
      6.48718,
      6.52264,
      6.5424,
      6.56739,
      6.57877,
      6.60972,
      6.59325,
      6.64435,
      6.66327,
      6.69119,
      6.6927,
      6.73396,
      6.73395,
      6.76948,
      6.73701,
      6.70258,
      6.60795,
      6.57318,
      6.49002,
      6.4393,
      6.38855,
      6.32689,
      6.27223,
      6.23163,
      6.1553,
      6.11153,
      6.05142,
      6.02398,
      5.97724,
      5.92558,
      5.88015,
      5.80468,
      5.78372,
      5.73138,
      5.70092,
      5.65139,
      5.62062,
      5.58097,
      5.52811,
      5.48056,
      5.45546,
      5.41876,
      5.37724,
      5.33805,
      5.29686,
      5.27682,
      5.2368,
      5.21882,
      5.15566,
      5.14736,
      5.10699,
      5.06473,
      5.0256,
      5.01429,
      4.97582,
      4.97043,
      4.91771,
      4.88277,
      4.86912,
      4.82518,
      4.80095,
      4.78186,
      4.76319,
      4.72543,
      4.70518,
      4.68403,
      4.65821,
      4.61503,
      4.60184,
      4.59194,
      4.57122,
      4.53323,
      4.51088,
      4.49772,
      4.47235,
      4.44457,
      4.42388,
      4.42843,
      4.38247,
      4.37457,
      4.34807,
      4.3317,
      4.31806,
      4.2898,
      4.30655,
      4.2536,
      4.2577,
      4.22605,
      4.21406,
      4.17885,
      4.173,
      4.14388,
      4.14948,
      4.13648,
      4.10244,
      4.10455,
      4.08686,
      4.04946,
      4.05869,
      4.04311,
      4.00173,
      4.00144,
      4.00081,
      3.98545,
      3.95916,
      3.93471,
      3.94034,
      3.93879,
      3.92058,
      3.93473,
      3.88148,
      3.85877,
      3.84681,
      3.85408,
      3.82625,
      3.83065,
      3.82733,
      3.81085,
      3.78387,
      3.78574,
      3.77551,
      3.77554,
      3.75409,
      3.74198,
      3.74562,
      3.73636,
      3.72316,
      3.70005,
      3.70479,
      3.69276,
      3.67974,
      3.68635,
      3.67992,
      3.65997,
      3.65566,
      3.62598,
      3.63783,
      3.61867,
      3.6067,
      3.61075,
      3.62044,
      3.5871,
      3.59366,
      3.58056,
      3.57186,
      3.54545,
      3.55805,
      3.55368,
      3.54368,
      3.53105,
      3.54408,
      3.52095,
      3.51931,
      3.51459,
      3.50312,
      3.50688,
      3.50311,
      3.49654,
      3.50265,
      3.49712,
      3.48599,
      3.46973,
      3.46676,
      3.47709,
      3.46023,
      3.46347,
      3.47832,
      3.46607,
      3.46354,
      3.46152,
      3.46435,
      3.44839,
      3.44064,
      3.43014,
      3.42415,
      3.43034,
      3.43254,
      3.40847,
      3.42095,
      3.41662,
      3.41607,
      3.40538,
      3.42463,
      3.4363,
      3.40034,
      3.41407,
      3.41458,
      3.40731,
      3.42467,
      3.40983,
      3.40024,
      3.40187,
      3.40163,
      3.39395,
      3.38244,
      3.38706,
      3.40318,
      3.40395,
      3.3747,
      3.40276,
      3.39159,
      3.39142,
      3.39638,
      3.39354,
      3.38894,
      3.40148,
      3.37967,
      3.39471,
      3.38386,
      3.38908,
      3.38409,
      3.38573,
      3.39315,
      3.39381,
      3.39535,
      3.41523,
      3.40259,
      3.40238,
      3.40769,
      3.41763,
      3.40882,
      3.41693,
      3.39622,
      3.42258,
      3.40336,
      3.42532,
      3.4151,
      3.41602,
      3.42141,
      3.44306,
      3.43799,
      3.44253,
      3.44561,
      3.42951,
      3.45951,
      3.45476,
      3.45051,
      3.44774,
      3.46429
    ],
    "intensities": [
      0,
      0,
      0,
      0,
      0,
      0,
      0,
      0,
      0,
      0,
      0,
      0,
      0,
      0,
      0,
      0,
      0,
      0,
      0,
      0,
      0,
      0,
      0,
      0,
      0,
      0,
      0,
      0,
      0,
      0,
      0,
      0,
      0,
      0,
      0,
      0,
      0,
      0,
      0,
      0,
      0,
      0,
      0,
      0,
      0,
      0,
      0,
      0,
      0,
      0,
      0,
      0,
      0,
      0,
      0,
      0,
      0,
      0,
      0,
      0,
      0,
      0,
      0,
      0,
      0,
      0,
      0,
      0,
      0,
      0,
      0,
      0,
      0,
      0,
      0,
      0,
      0,
      0,
      0,
      0,
      0,
      0,
      0,
      0,
      0,
      0,
      0,
      0,
      0,
      0,
      0,
      0,
      0,
      0,
      0,
      0,
      0,
      0,
      0,
      0,
      0,
      0,
      0,
      0,
      0,
      0,
      0,
      0,
      0,
      0,
      0,
      0,
      0,
      0,
      0,
      0,
      0,
      0,
      0,
      0,
      0,
      0,
      0,
      0,
      0,
      0,
      0,
      0,
      0,
      0,
      0,
      0,
      0,
      0,
      0,
      0,
      0,
      0,
      0,
      0,
      0,
      0,
      0,
      0,
      0,
      0,
      0,
      0,
      0,
      0,
      0,
      0,
      0,
      0,
      0,
      0,
      0,
      0,
      0,
      0,
      0,
      0,
      0,
      0,
      0,
      0,
      0,
      0,
      0,
      0,
      0,
      0,
      0,
      0,
      0,
      0,
      0,
      0,
      0,
      0,
      0,
      0,
      0,
      0,
      0,
      0,
      0,
      0,
      0,
      0,
      0,
      0,
      0,
      0,
      0,
      0,
      0,
      0,
      0,
      0,
      0,
      0,
      0,
      0,
      0,
      0,
      0,
      0,
      0,
      0,
      0,
      0,
      0,
      0,
      0,
      0,
      0,
      0,
      0,
      0,
      0,
      0,
      0,
      0,
      0,
      0,
      0,
      0,
      0,
      0,
      0,
      0,
      0,
      0,
      0,
      0,
      0,
      0,
      0,
      0,
      0,
      0,
      0,
      0,
      0,
      0,
      0,
      0,
      0,
      0,
      0,
      0,
      0,
      0,
      0,
      0,
      0,
      0,
      0,
      0,
      0,
      0,
      0,
      0,
      0,
      0,
      0,
      0,
      0,
      0,
      0,
      0,
      0,
      0,
      0,
      0,
      0,
      0,
      0,
      0,
      0,
      0,
      0,
      0,
      0,
      0,
      0,
      0,
      0,
      0,
      0,
      0,
      0,
      0,
      0,
      0,
      0,
      0,
      0,
      0,
      0,
      0,
      0,
      0,
      0,
      0,
      0,
      0,
      0,
      0,
      0,
      0,
      0,
      0,
      0,
      0,
      0,
      0,
      0,
      0,
      0,
      0,
      0,
      0,
      0,
      0,
      0,
      0,
      0,
      0,
      0,
      0,
      0,
      0,
      0,
      0,
      0,
      0,
      0,
      0,
      0,
      0,
      0,
      0,
      0,
      0,
      0,
      0,
      0,
      0,
      0,
      0,
      0,
      0,
      0,
      0,
      0,
      0,
      0,
      0,
      0,
      0,
      0,
      0,
      0,
      0,
      0,
      0,
      0,
      0,
      0,
      0,
      0,
      0,
      0,
      0,
      0,
      0,
      0,
      0,
      0,
      0,
      0,
      0,
      0,
      0,
      0,
      0,
      0,
      0,
      0,
      0,
      0,
      0,
      0,
      0,
      0,
      0,
      0,
      0,
      0,
      0,
      0,
      0,
      0,
      0,
      0,
      0,
      0,
      0,
      0,
      0,
      0,
      0,
      0,
      0,
      0,
      0,
      0,
      0,
      0,
      0,
      0,
      0,
      0,
      0,
      0,
      0,
      0,
      0,
      0,
      0,
      0,
      0,
      0,
      0,
      0,
      0,
      0,
      0,
      0,
      0,
      0,
      0,
      0,
      0,
      0,
      0,
      0,
      0,
      0,
      0,
      0,
      0,
      0,
      0,
      0,
      0,
      0,
      0,
      0,
      0,
      0,
      0,
      0,
      0,
      0,
      0,
      0,
      0,
      0,
      0,
      0,
      0,
      0,
      0,
      0,
      0,
      0,
      0,
      0,
      0,
      0,
      0,
      0,
      0,
      0,
      0,
      0,
      0,
      0,
      0,
      0,
      0,
      0,
      0,
      0,
      0,
      0,
      0,
      0,
      0,
      0,
      0,
      0,
      0,
      0,
      0,
      0,
      0,
      0,
      0,
      0,
      0,
      0,
      0,
      0,
      0,
      0,
      0,
      0,
      0,
      0,
      0,
      0,
      0,
      0,
      0,
      0,
      0,
      0,
      0,
      0,
      0,
      0,
      0,
      0,
      0,
      0,
      0,
      0,
      0,
      0,
      0,
      0,
      0,
      0,
      0,
      0,
      0,
      0,
      0,
      0,
      0,
      0,
      0,
      0,
      0,
      0,
      0,
      0,
      0,
      0,
      0,
      0,
      0,
      0,
      0,
      0,
      0,
      0,
      0,
      0,
      0,
      0,
      0,
      0,
      0,
      0,
      0,
      0,
      0,
      0,
      0,
      0,
      0,
      0,
      0,
      0,
      0,
      0,
      0,
      0,
      0,
      0,
      0,
      0,
      0,
      0,
      0,
      0,
      0,
      0,
      0,
      0,
      0,
      0,
      0,
      0,
      0,
      0,
      0,
      0,
      0,
      0,
      0,
      0,
      0,
      0,
      0,
      0,
      0,
      0,
      0,
      0,
      0,
      0,
      0,
      0,
      0,
      0,
      0,
      0,
      0,
      0,
      0,
      0,
      0,
      0,
      0,
      0,
      0,
      0,
      0,
      0,
      0,
      0,
      0,
      0,
      0,
      0,
      0,
      0,
      0,
      0,
      0,
      0,
      0,
      0,
      0,
      0,
      0,
      0,
      0,
      0,
      0,
      0,
      0,
      0,
      0,
      0,
      0,
      0,
      0,
      0,
      0,
      0,
      0,
      0,
      0,
      0,
      0,
      0,
      0,
      0,
      0,
      0,
      0,
      0,
      0,
      0,
      0,
      0,
      0,
      0,
      0,
      0,
      0,
      0,
      0,
      0,
      0,
      0,
      0,
      0,
      0,
      0,
      0,
      0,
      0,
      0,
      0,
      0,
      0,
      0,
      0,
      0,
      0,
      0,
      0,
      0,
      0,
      0,
      0,
      0,
      0,
      0,
      0,
      0,
      0,
      0,
      0,
      0,
      0,
      0,
      0,
      0,
      0,
      0,
      0,
      0,
      0,
      0,
      0,
      0,
      0,
      0,
      0,
      0,
      0,
      0,
      0,
      0,
      0,
      0,
      0,
      0,
      0,
      0,
      0,
      0,
      0,
      0,
      0,
      0,
      0,
      0,
      0,
      0,
      0,
      0,
      0,
      0,
      0,
      0,
      0,
      0,
      0,
      0,
      0,
      0,
      0,
      0,
      0,
      0,
      0,
      0,
      0,
      0,
      0,
      0,
      0,
      0,
      0,
      0,
      0,
      0,
      0,
      0,
      0,
      0,
      0,
      0,
      0,
      0,
      0,
      0,
      0,
      0,
      0,
      0,
      0,
      0,
      0,
      0,
      0,
      0,
      0,
      0,
      0,
      0,
      0,
      0,
      0,
      0,
      0,
      0,
      0,
      0,
      0,
      0,
      0,
      0,
      0,
      0,
      0,
      0,
      0,
      0,
      0,
      0,
      0,
      0,
      0,
      0,
      0,
      0,
      0,
      0,
      0,
      0,
      0,
      0,
      0,
      0,
      0,
      0,
      0,
      0,
      0,
      0,
      0,
      0,
      0,
      0,
      0,
      0,
      0,
      0,
      0,
      0,
      0,
      0,
      0,
      0,
      0,
      0,
      0,
      0,
      0,
      0,
      0,
      0,
      0,
      0,
      0,
      0,
      0,
      0,
      0,
      0,
      0,
      0,
      0,
      0,
      0,
      0,
      0,
      0,
      0,
      0,
      0,
      0,
      0,
      0,
      0,
      0,
      0,
      0,
      0,
      0,
      0,
      0,
      0,
      0,
      0,
      0,
      0,
      0,
      0,
      0,
      0,
      0,
      0,
      0,
      0,
      0,
      0,
      0,
      0,
      0,
      0,
      0,
      0,
      0,
      0,
      0,
      0,
      0,
      0,
      0,
      0,
      0,
      0,
      0,
      0,
      0,
      0,
      0,
      0,
      0,
      0,
      0,
      0,
      0,
      0,
      0,
      0,
      0,
      0,
      0,
      0,
      0,
      0,
      0,
      0,
      0,
      0,
      0,
      0,
      0,
      0,
      0,
      0,
      0,
      0,
      0,
      0,
      0,
      0,
      0,
      0,
      0,
      0,
      0,
      0,
      0,
      0,
      0,
      0,
      0,
      0,
      0,
      0,
      0,
      0,
      0,
      0,
      0,
      0,
      0,
      0,
      0,
      0,
      0,
      0,
      0,
      0,
      0,
      0,
      0,
      0,
      0,
      0,
      0,
      0,
      0,
      0,
      0,
      0,
      0,
      0,
      0,
      0,
      0,
      0,
      0,
      0,
      0,
      0,
      0,
      0,
      0,
      0,
      0,
      0,
      0,
      0,
      0,
      0,
      0,
      0,
      0,
      0,
      0,
      0,
      0,
      0,
      0,
      0,
      0,
      0,
      0,
      0,
      0,
      0,
      0,
      0,
      0,
      0,
      0,
      0,
      0,
      0,
      0,
      0,
      0,
      0,
      0,
      0,
      0,
      0,
      0,
      0,
      0,
      0,
      0,
      0,
      0,
      0
    ]
  },
  "action_history": [
    {
      "key": "J",
      "time": 0.53
    },
    {
      "key": "W",
      "time": 26.0
    },
    {
      "key": "W",
      "time": 25.48
    },
    {
      "key": "W",
      "time": 24.94
    },
    {
      "key": "W",
      "time": 24.5
    },
    {
      "key": "W",
      "time": 23.88
    }
  ]
}Executing command: 'W'
Executing command: 'W'
Executing command: 'W'
Executing command: 'W'
Executing command: 'W'
Executing command: 'W'
Executing command: 'W'
Executing command: 'W'
Executing command: 'W'
Executing command: 'W'
Executing command: 'W'
Executing command: 'W'
Executing command: 'W'
Executing command: 'W'
Executing command: 'W'
Executing command: 'W'
Executing command: 'W'
Executing command: 'W'
Executing command: 'W'
Executing command: 'W'
Executing command: 'W'
Executing command: 'W'
Executing command: 'W'
Executing command: 'W'
Executing command: 'W'
Executing command: 'W'
Executing command: 'W'
Executing command: 'W'
Executing command: 'W'
Executing command: 'W'
Executing command: 'W'
Executing command: 'W'
Executing command: 'W'
Executing command: 'W'
Executing command: 'W'
Executing command: 'W'


[INFO] Sending request to server at http://141.219.171.151:5000/get_action...

--- ACTION PLAN RECEIVED ---
{
  "key": "W",
  "time": 23.4
}
[✓] Action plan saved in text format to: /home/shivayogiakki/action_plan.txt

--- DATA TO BE SENT ---
{
  "lidar_data": {
    "header": {
      "seq": 273,
      "stamp": {
        "secs": 560,
        "nsecs": 423000000
      },
      "frame_id": "laser"
    },
    "angle_min": -3,
    "angle_max": 3,
    "angle_increment": 0.0055607,
    "time_increment": 0,
    "scan_time": 0,
    "range_min": 0.1,
    "range_max": 30,
    "ranges": [
      4.10902,
      4.12535,
      4.11686,
      4.14113,
      4.15022,
      4.1771,
      4.17866,
      4.19933,
      4.20535,
      4.21361,
      4.24769,
      4.24605,
      4.24385,
      4.2811,
      4.28003,
      4.29927,
      4.31381,
      4.33663,
      4.33907,
      4.37943,
      4.39637,
      4.39119,
      4.4241,
      4.42277,
      4.44406,
      4.46998,
      4.49807,
      4.4881,
      4.52742,
      4.54035,
      4.57853,
      4.57831,
      4.60683,
      4.61866,
      4.64745,
      4.664,
      4.67732,
      4.71946,
      4.73714,
      4.74363,
      4.78574,
      4.81455,
      4.84029,
      4.83717,
      4.87385,
      4.90032,
      4.93158,
      4.94007,
      4.96932,
      4.99563,
      5.02111,
      5.05391,
      5.08553,
      5.10797,
      5.12926,
      5.17536,
      5.19104,
      5.24423,
      5.24063,
      5.27682,
      5.28602,
      5.348,
      5.36259,
      5.40206,
      5.44113,
      5.46168,
      5.49881,
      5.53352,
      5.58581,
      5.59702,
      5.66458,
      5.70416,
      5.73933,
      5.76256,
      5.80265,
      5.84669,
      5.89582,
      5.89921,
      5.85899,
      5.84763,
      5.8217,
      5.79739,
      5.76968,
      5.76194,
      5.73062,
      5.70895,
      5.68566,
      5.67988,
      5.64938,
      5.62226,
      5.59889,
      5.57998,
      5.55566,
      5.55483,
      5.55,
      5.50576,
      5.49923,
      5.48323,
      5.44921,
      5.43206,
      5.41371,
      5.39853,
      5.37608,
      5.33866,
      5.33926,
      5.32735,
      5.32405,
      5.28933,
      5.26654,
      5.27304,
      5.24564,
      5.23402,
      5.20981,
      5.20101,
      5.19046,
      5.18681,
      5.16707,
      5.1557,
      5.15337,
      5.13436,
      5.11594,
      5.1065,
      5.10368,
      5.08132,
      5.06185,
      5.0522,
      5.03716,
      5.03068,
      5.0161,
      5.03652,
      4.99474,
      4.97761,
      4.98131,
      4.97704,
      4.95377,
      4.94299,
      4.94837,
      4.92547,
      4.91969,
      4.91955,
      4.90197,
      4.89799,
      4.88532,
      4.87655,
      4.87426,
      4.85738,
      4.86413,
      4.85123,
      4.84166,
      4.81155,
      4.82367,
      4.82128,
      4.80952,
      4.80311,
      4.80508,
      4.78376,
      4.77639,
      4.76952,
      4.75693,
      4.75434,
      4.75104,
      4.75214,
      4.75656,
      4.74357,
      4.75485,
      4.74342,
      4.7463,
      4.7386,
      4.71244,
      4.73048,
      4.72449,
      4.72522,
      4.70515,
      4.71157,
      4.71937,
      4.69664,
      4.68228,
      4.68062,
      4.69649,
      4.68959,
      4.67356,
      4.69607,
      4.6811,
      4.67759,
      4.66964,
      4.67618,
      4.6683,
      4.68539,
      4.67036,
      4.67707,
      4.67056,
      4.64949,
      4.67518,
      4.67153,
      4.66997,
      4.66657,
      4.65468,
      4.65705,
      4.67081,
      4.66589,
      4.67183,
      4.67094,
      4.6914,
      4.67876,
      4.68614,
      4.68997,
      4.66953,
      4.68683,
      4.69208,
      4.68378,
      4.68331,
      4.68408,
      4.69945,
      4.70061,
      4.70048,
      4.69705,
      4.70831,
      4.71099,
      4.70324,
      4.71634,
      4.72973,
      4.70998,
      4.73242,
      4.73444,
      4.72365,
      4.71245,
      4.73224,
      4.73993,
      4.75726,
      4.76281,
      4.75439,
      4.76257,
      4.75695,
      4.77386,
      4.78003,
      4.78717,
      4.79787,
      4.82259,
      4.80467,
      4.80762,
      4.81721,
      4.82116,
      4.84281,
      4.84472,
      4.85399,
      4.84314,
      4.85825,
      4.86197,
      4.88289,
      4.89036,
      4.89094,
      4.89549,
      4.92385,
      4.91943,
      4.91427,
      4.93991,
      4.94392,
      4.94716,
      4.95869,
      4.98928,
      4.97604,
      4.98758,
      5.01572,
      5.02277,
      5.00834,
      5.03729,
      5.04302,
      5.06226,
      5.06422,
      5.09292,
      5.09516,
      5.13654,
      5.09613,
      5.13501,
      5.16214,
      5.18303,
      5.20489,
      5.19341,
      5.20305,
      5.22291,
      5.26452,
      5.25749,
      5.27391,
      5.2739,
      5.31471,
      5.2973,
      5.31955,
      5.35298,
      5.36536,
      5.36,
      5.38625,
      5.41844,
      5.43367,
      5.4451,
      5.46824,
      5.49494,
      5.51368,
      5.52926,
      5.54527,
      5.55668,
      5.57812,
      5.60509,
      5.63081,
      5.65173,
      5.68039,
      5.71388,
      5.72271,
      5.74449,
      5.76891,
      5.78679,
      5.81548,
      5.83141,
      5.86197,
      5.88361,
      5.92377,
      5.97279,
      5.95999,
      5.99316,
      6.0271,
      6.06318,
      6.06789,
      6.10206,
      6.12609,
      6.16129,
      6.18806,
      6.22886,
      6.25704,
      6.27778,
      6.29136,
      6.32654,
      6.38219,
      6.40249,
      6.44176,
      6.47879,
      6.50491,
      6.53556,
      6.58615,
      6.61133,
      6.64589,
      6.68715,
      6.72741,
      6.76139,
      6.81119,
      6.87195,
      6.87796,
      6.93721,
      6.97963,
      7.02421,
      7.06608,
      7.1155,
      7.15085,
      7.1968,
      7.25034,
      7.30737,
      7.34303,
      7.37445,
      7.44256,
      7.49617,
      7.56386,
      7.61449,
      7.65761,
      7.70591,
      7.78249,
      7.83978,
      7.87781,
      7.97379,
      8.00507,
      8.09503,
      8.15185,
      8.20547,
      8.25973,
      8.35135,
      8.42225,
      8.47757,
      8.56094,
      8.63903,
      8.7117,
      8.79472,
      8.86627,
      8.9349,
      9.03592,
      9.10123,
      9.19736,
      9.29526,
      9.37718,
      9.46376,
      9.55207,
      9.64669,
      9.76496,
      9.85586,
      9.96045,
      10.0573,
      10.176,
      10.2997,
      10.3955,
      10.5149,
      10.6429,
      10.7499,
      10.8856,
      11.0057,
      11.1307,
      11.2771,
      11.4146,
      11.5615,
      11.6839,
      11.6557,
      11.6444,
      11.5824,
      11.5777,
      11.5449,
      11.5136,
      11.5019,
      11.4727,
      11.4516,
      11.4276,
      11.4064,
      11.3831,
      11.3619,
      11.3399,
      11.3218,
      11.2952,
      11.2752,
      11.2502,
      11.2438,
      11.2136,
      11.1609,
      11.1652,
      11.1614,
      11.1403,
      11.14,
      11.1086,
      11.0932,
      11.0677,
      11.0609,
      11.0505,
      11.0026,
      11.0147,
      11.0037,
      10.9801,
      10.9773,
      10.9669,
      10.9407,
      10.9372,
      10.9052,
      10.9002,
      10.8842,
      10.8602,
      10.8632,
      10.8682,
      10.8631,
      10.8364,
      10.8282,
      10.8205,
      10.8129,
      10.8206,
      10.8031,
      10.798,
      10.7765,
      10.7899,
      10.7917,
      10.7656,
      10.7723,
      10.7544,
      10.7589,
      10.7271,
      10.7355,
      10.7306,
      10.718,
      10.7277,
      10.707,
      10.7259,
      10.7263,
      10.7194,
      10.7366,
      10.7214,
      10.7031,
      10.7059,
      10.7198,
      10.7069,
      10.7225,
      10.7091,
      10.7285,
      10.7071,
      10.72,
      10.7103,
      10.7174,
      10.7259,
      10.735,
      10.723,
      10.7311,
      10.7312,
      10.7361,
      10.7386,
      10.7625,
      10.7473,
      10.7496,
      10.7665,
      10.7698,
      10.7882,
      10.7877,
      10.771,
      10.8003,
      10.8125,
      10.8092,
      10.8224,
      10.8241,
      10.8488,
      10.8546,
      10.8848,
      10.8611,
      10.8916,
      10.9195,
      10.9179,
      10.9178,
      10.9334,
      10.9601,
      10.955,
      10.9827,
      10.9838,
      11.0036,
      11.0295,
      11.0423,
      11.0426,
      11.0641,
      11.0806,
      11.0869,
      11.1113,
      11.1204,
      11.1439,
      19.1141,
      19.1469,
      19.1706,
      19.197,
      19.145,
      18.8092,
      18.4879,
      18.1707,
      17.8792,
      17.5797,
      17.3061,
      17.0552,
      16.7922,
      16.5285,
      16.3152,
      16.0727,
      15.8363,
      15.6112,
      15.3895,
      15.1896,
      14.991,
      14.8016,
      14.6068,
      14.4353,
      14.2344,
      14.0579,
      13.8742,
      11.825,
      11.7851,
      11.8366,
      11.8507,
      11.8907,
      11.9073,
      11.9433,
      11.9957,
      12.0304,
      12.0589,
      12.0951,
      12.0999,
      12.0244,
      11.8995,
      11.7777,
      11.6739,
      11.5555,
      11.4405,
      11.3386,
      11.2312,
      11.1537,
      11.0286,
      10.9237,
      10.8314,
      10.7529,
      10.6405,
      10.562,
      10.4855,
      10.4021,
      10.2861,
      10.2104,
      10.1212,
      10.0442,
      9.9614,
      9.89648,
      9.80953,
      9.75204,
      9.6881,
      9.58378,
      9.53649,
      9.46228,
      9.40008,
      9.324,
      9.25802,
      9.20481,
      9.15103,
      9.07666,
      9.00848,
      8.94905,
      8.88903,
      8.84459,
      8.78074,
      8.70738,
      8.69523,
      8.61729,
      8.56076,
      8.52838,
      8.46608,
      8.41451,
      8.36862,
      8.32603,
      8.27555,
      8.21115,
      8.17322,
      8.13769,
      8.10196,
      8.04418,
      8.00785,
      7.96822,
      7.93162,
      7.88261,
      7.82507,
      7.79011,
      7.75103,
      7.72184,
      7.679,
      7.64068,
      7.6141,
      7.57542,
      7.53379,
      7.50962,
      7.48175,
      7.43548,
      7.38126,
      7.37274,
      7.33211,
      7.31142,
      7.27576,
      7.23282,
      7.20032,
      7.18581,
      7.15378,
      7.10699,
      7.10681,
      7.07284,
      7.03511,
      7.02679,
      6.97474,
      6.96814,
      6.92623,
      6.91364,
      6.8914,
      6.86766,
      6.85355,
      6.83023,
      6.79598,
      6.76437,
      6.74116,
      6.71632,
      6.7098,
      6.65666,
      6.65445,
      6.64276,
      6.61468,
      6.5895,
      6.56576,
      6.54498,
      6.53949,
      6.51918,
      6.51896,
      6.47644,
      6.47336,
      6.43325,
      6.40854,
      6.41695,
      6.40788,
      6.37382,
      6.36942,
      6.33374,
      6.34381,
      6.31434,
      6.30789,
      6.27241,
      6.25888,
      6.26243,
      6.23983,
      6.22634,
      6.21231,
      6.1835,
      6.19174,
      6.18772,
      6.1617,
      6.1415,
      6.12501,
      6.12533,
      6.10542,
      6.08506,
      6.07193,
      6.07122,
      6.07928,
      6.05147,
      6.04856,
      6.02766,
      6.02625,
      6.00727,
      5.99553,
      5.99225,
      5.98363,
      5.97463,
      5.95553,
      5.9782,
      5.95432,
      5.93519,
      5.93662,
      5.91859,
      5.91335,
      5.91992,
      5.90538,
      5.89784,
      5.87808,
      5.87509,
      5.88438,
      5.88334,
      5.86882,
      5.8641,
      5.85886,
      5.84113,
      5.84479,
      5.84253,
      5.84975,
      5.85754,
      5.8136,
      5.82474,
      5.81861,
      5.83225,
      5.83511,
      5.79923,
      5.82671,
      5.80849,
      5.79427,
      5.79366,
      5.78756,
      5.80187,
      5.78674,
      5.78532,
      5.79695,
      5.78046,
      5.79052,
      5.79121,
      5.79874,
      5.77271,
      5.76778,
      5.79642,
      5.80345,
      5.78522,
      5.78194,
      5.78883,
      5.76173,
      5.78314,
      5.77172,
      5.77299,
      5.78404,
      5.78711,
      5.79511,
      5.7974,
      5.78196,
      5.76889,
      5.79721,
      5.78313,
      5.79233,
      5.80971,
      5.81813,
      5.81169,
      5.81654,
      5.81731,
      5.81428,
      5.82286,
      5.83492,
      5.83512,
      5.83249,
      5.82562,
      5.84049,
      5.85965,
      5.85073,
      5.86258,
      5.86031,
      5.87273,
      5.88515,
      5.88941,
      5.89989,
      5.91661,
      5.91939,
      5.91581,
      5.90253,
      5.93496,
      5.91881,
      5.95052,
      5.96352,
      5.94723,
      5.96464,
      5.9766,
      5.96975,
      5.98254,
      6.00636,
      6.004,
      6.02683,
      6.02088,
      6.03043,
      6.02816,
      6.07932,
      6.06341,
      6.07669,
      6.09683,
      6.10688,
      6.11763,
      6.14043,
      6.14135,
      6.15549,
      6.16945,
      6.17457,
      6.18076,
      6.20866,
      6.22813,
      6.24008,
      6.22131,
      6.24998,
      6.31177,
      6.30007,
      6.31197,
      6.29921,
      6.3399,
      6.35214,
      6.36106,
      6.37439,
      6.38421,
      6.42193,
      6.4288,
      6.43866,
      6.46304,
      6.47734,
      6.50676,
      6.51167,
      6.53383,
      6.55618,
      6.57993,
      6.59934,
      6.63871,
      6.62939,
      6.68363,
      6.68327,
      6.71774,
      6.74527,
      6.7464,
      6.78608,
      6.79942,
      6.82773,
      6.76276,
      6.71612,
      6.67426,
      6.61816,
      6.54718,
      6.5084,
      6.44504,
      6.39796,
      6.34639,
      6.27344,
      6.2332,
      6.1828,
      6.15036,
      6.11668,
      6.0463,
      6.02142,
      5.96928,
      5.92721,
      5.89,
      5.85529,
      5.80719,
      5.76157,
      5.73182,
      5.68131,
      5.64697,
      5.60514,
      5.57689,
      5.53068,
      5.51873,
      5.46061,
      5.43468,
      5.39567,
      5.37135,
      5.33503,
      5.3071,
      5.27002,
      5.23793,
      5.21214,
      5.17726,
      5.16803,
      5.11505,
      5.09062,
      5.0659,
      5.05178,
      5.01751,
      4.99564,
      4.94102,
      4.93174,
      4.91261,
      4.86841,
      4.86725,
      4.85106,
      4.81824,
      4.79519,
      4.78351,
      4.73984,
      4.72048,
      4.69872,
      4.67593,
      4.66034,
      4.63955,
      4.61158,
      4.6041,
      4.58244,
      4.5578,
      4.55837,
      4.52199,
      4.51279,
      4.49378,
      4.48445,
      4.43523,
      4.42882,
      4.4227,
      4.39619,
      4.38208,
      4.386,
      4.33662,
      4.33885,
      4.31484,
      4.30358,
      4.27995,
      4.26986,
      4.26757,
      4.23523,
      4.22056,
      4.21811,
      4.22287,
      4.18413,
      4.17157,
      4.14841,
      4.15992,
      4.13923,
      4.14263,
      4.12537,
      4.08938,
      4.08909,
      4.09193,
      4.05246,
      4.07244,
      4.05478,
      4.03824,
      4.02193,
      4.02423,
      4.00448,
      3.99561,
      3.98627,
      3.9626,
      3.9576,
      3.96536,
      3.94019,
      3.94046,
      3.92945,
      3.9185,
      3.91658,
      3.88302,
      3.90926,
      3.87041,
      3.87614,
      3.86156,
      3.84321,
      3.86213,
      3.83121,
      3.84068,
      3.83426,
      3.81818,
      3.80783,
      3.79397,
      3.80848,
      3.79046,
      3.80564,
      3.77508,
      3.7798,
      3.76735,
      3.76835,
      3.76115,
      3.75175,
      3.73232,
      3.75645,
      3.73856,
      3.73556,
      3.73627,
      3.72299,
      3.72944,
      3.71376,
      3.69001,
      3.70847,
      3.71202,
      3.70169,
      3.68681,
      3.69173,
      3.70629,
      3.69375,
      3.68656,
      3.65779,
      3.67423,
      3.67549,
      3.6743,
      3.66342,
      3.6469,
      3.68268,
      3.65271,
      3.66068,
      3.65565,
      3.65681,
      3.64085,
      3.63252,
      3.64973,
      3.64359,
      3.62867,
      3.65347,
      3.65298,
      3.63239,
      3.63582,
      3.63706,
      3.62011,
      3.65831,
      3.63754,
      3.63455,
      3.65058,
      3.62802,
      3.63831,
      3.64786,
      3.62912,
      3.63467,
      3.64469,
      3.64221,
      3.6508,
      3.62875,
      3.63648,
      3.63628,
      3.62823,
      3.6601,
      3.65303,
      3.64091,
      3.65115,
      3.6513,
      3.64097,
      3.66195,
      3.65471,
      3.65521,
      3.66242,
      3.66683,
      3.63739,
      3.67843,
      3.66255,
      3.66223,
      3.67047,
      3.6954,
      3.68459,
      3.68063,
      3.67272,
      3.69103,
      3.6899,
      3.70097,
      3.70944,
      3.70657,
      3.70225,
      3.70811
    ],
    "intensities": [
      0,
      0,
      0,
      0,
      0,
      0,
      0,
      0,
      0,
      0,
      0,
      0,
      0,
      0,
      0,
      0,
      0,
      0,
      0,
      0,
      0,
      0,
      0,
      0,
      0,
      0,
      0,
      0,
      0,
      0,
      0,
      0,
      0,
      0,
      0,
      0,
      0,
      0,
      0,
      0,
      0,
      0,
      0,
      0,
      0,
      0,
      0,
      0,
      0,
      0,
      0,
      0,
      0,
      0,
      0,
      0,
      0,
      0,
      0,
      0,
      0,
      0,
      0,
      0,
      0,
      0,
      0,
      0,
      0,
      0,
      0,
      0,
      0,
      0,
      0,
      0,
      0,
      0,
      0,
      0,
      0,
      0,
      0,
      0,
      0,
      0,
      0,
      0,
      0,
      0,
      0,
      0,
      0,
      0,
      0,
      0,
      0,
      0,
      0,
      0,
      0,
      0,
      0,
      0,
      0,
      0,
      0,
      0,
      0,
      0,
      0,
      0,
      0,
      0,
      0,
      0,
      0,
      0,
      0,
      0,
      0,
      0,
      0,
      0,
      0,
      0,
      0,
      0,
      0,
      0,
      0,
      0,
      0,
      0,
      0,
      0,
      0,
      0,
      0,
      0,
      0,
      0,
      0,
      0,
      0,
      0,
      0,
      0,
      0,
      0,
      0,
      0,
      0,
      0,
      0,
      0,
      0,
      0,
      0,
      0,
      0,
      0,
      0,
      0,
      0,
      0,
      0,
      0,
      0,
      0,
      0,
      0,
      0,
      0,
      0,
      0,
      0,
      0,
      0,
      0,
      0,
      0,
      0,
      0,
      0,
      0,
      0,
      0,
      0,
      0,
      0,
      0,
      0,
      0,
      0,
      0,
      0,
      0,
      0,
      0,
      0,
      0,
      0,
      0,
      0,
      0,
      0,
      0,
      0,
      0,
      0,
      0,
      0,
      0,
      0,
      0,
      0,
      0,
      0,
      0,
      0,
      0,
      0,
      0,
      0,
      0,
      0,
      0,
      0,
      0,
      0,
      0,
      0,
      0,
      0,
      0,
      0,
      0,
      0,
      0,
      0,
      0,
      0,
      0,
      0,
      0,
      0,
      0,
      0,
      0,
      0,
      0,
      0,
      0,
      0,
      0,
      0,
      0,
      0,
      0,
      0,
      0,
      0,
      0,
      0,
      0,
      0,
      0,
      0,
      0,
      0,
      0,
      0,
      0,
      0,
      0,
      0,
      0,
      0,
      0,
      0,
      0,
      0,
      0,
      0,
      0,
      0,
      0,
      0,
      0,
      0,
      0,
      0,
      0,
      0,
      0,
      0,
      0,
      0,
      0,
      0,
      0,
      0,
      0,
      0,
      0,
      0,
      0,
      0,
      0,
      0,
      0,
      0,
      0,
      0,
      0,
      0,
      0,
      0,
      0,
      0,
      0,
      0,
      0,
      0,
      0,
      0,
      0,
      0,
      0,
      0,
      0,
      0,
      0,
      0,
      0,
      0,
      0,
      0,
      0,
      0,
      0,
      0,
      0,
      0,
      0,
      0,
      0,
      0,
      0,
      0,
      0,
      0,
      0,
      0,
      0,
      0,
      0,
      0,
      0,
      0,
      0,
      0,
      0,
      0,
      0,
      0,
      0,
      0,
      0,
      0,
      0,
      0,
      0,
      0,
      0,
      0,
      0,
      0,
      0,
      0,
      0,
      0,
      0,
      0,
      0,
      0,
      0,
      0,
      0,
      0,
      0,
      0,
      0,
      0,
      0,
      0,
      0,
      0,
      0,
      0,
      0,
      0,
      0,
      0,
      0,
      0,
      0,
      0,
      0,
      0,
      0,
      0,
      0,
      0,
      0,
      0,
      0,
      0,
      0,
      0,
      0,
      0,
      0,
      0,
      0,
      0,
      0,
      0,
      0,
      0,
      0,
      0,
      0,
      0,
      0,
      0,
      0,
      0,
      0,
      0,
      0,
      0,
      0,
      0,
      0,
      0,
      0,
      0,
      0,
      0,
      0,
      0,
      0,
      0,
      0,
      0,
      0,
      0,
      0,
      0,
      0,
      0,
      0,
      0,
      0,
      0,
      0,
      0,
      0,
      0,
      0,
      0,
      0,
      0,
      0,
      0,
      0,
      0,
      0,
      0,
      0,
      0,
      0,
      0,
      0,
      0,
      0,
      0,
      0,
      0,
      0,
      0,
      0,
      0,
      0,
      0,
      0,
      0,
      0,
      0,
      0,
      0,
      0,
      0,
      0,
      0,
      0,
      0,
      0,
      0,
      0,
      0,
      0,
      0,
      0,
      0,
      0,
      0,
      0,
      0,
      0,
      0,
      0,
      0,
      0,
      0,
      0,
      0,
      0,
      0,
      0,
      0,
      0,
      0,
      0,
      0,
      0,
      0,
      0,
      0,
      0,
      0,
      0,
      0,
      0,
      0,
      0,
      0,
      0,
      0,
      0,
      0,
      0,
      0,
      0,
      0,
      0,
      0,
      0,
      0,
      0,
      0,
      0,
      0,
      0,
      0,
      0,
      0,
      0,
      0,
      0,
      0,
      0,
      0,
      0,
      0,
      0,
      0,
      0,
      0,
      0,
      0,
      0,
      0,
      0,
      0,
      0,
      0,
      0,
      0,
      0,
      0,
      0,
      0,
      0,
      0,
      0,
      0,
      0,
      0,
      0,
      0,
      0,
      0,
      0,
      0,
      0,
      0,
      0,
      0,
      0,
      0,
      0,
      0,
      0,
      0,
      0,
      0,
      0,
      0,
      0,
      0,
      0,
      0,
      0,
      0,
      0,
      0,
      0,
      0,
      0,
      0,
      0,
      0,
      0,
      0,
      0,
      0,
      0,
      0,
      0,
      0,
      0,
      0,
      0,
      0,
      0,
      0,
      0,
      0,
      0,
      0,
      0,
      0,
      0,
      0,
      0,
      0,
      0,
      0,
      0,
      0,
      0,
      0,
      0,
      0,
      0,
      0,
      0,
      0,
      0,
      0,
      0,
      0,
      0,
      0,
      0,
      0,
      0,
      0,
      0,
      0,
      0,
      0,
      0,
      0,
      0,
      0,
      0,
      0,
      0,
      0,
      0,
      0,
      0,
      0,
      0,
      0,
      0,
      0,
      0,
      0,
      0,
      0,
      0,
      0,
      0,
      0,
      0,
      0,
      0,
      0,
      0,
      0,
      0,
      0,
      0,
      0,
      0,
      0,
      0,
      0,
      0,
      0,
      0,
      0,
      0,
      0,
      0,
      0,
      0,
      0,
      0,
      0,
      0,
      0,
      0,
      0,
      0,
      0,
      0,
      0,
      0,
      0,
      0,
      0,
      0,
      0,
      0,
      0,
      0,
      0,
      0,
      0,
      0,
      0,
      0,
      0,
      0,
      0,
      0,
      0,
      0,
      0,
      0,
      0,
      0,
      0,
      0,
      0,
      0,
      0,
      0,
      0,
      0,
      0,
      0,
      0,
      0,
      0,
      0,
      0,
      0,
      0,
      0,
      0,
      0,
      0,
      0,
      0,
      0,
      0,
      0,
      0,
      0,
      0,
      0,
      0,
      0,
      0,
      0,
      0,
      0,
      0,
      0,
      0,
      0,
      0,
      0,
      0,
      0,
      0,
      0,
      0,
      0,
      0,
      0,
      0,
      0,
      0,
      0,
      0,
      0,
      0,
      0,
      0,
      0,
      0,
      0,
      0,
      0,
      0,
      0,
      0,
      0,
      0,
      0,
      0,
      0,
      0,
      0,
      0,
      0,
      0,
      0,
      0,
      0,
      0,
      0,
      0,
      0,
      0,
      0,
      0,
      0,
      0,
      0,
      0,
      0,
      0,
      0,
      0,
      0,
      0,
      0,
      0,
      0,
      0,
      0,
      0,
      0,
      0,
      0,
      0,
      0,
      0,
      0,
      0,
      0,
      0,
      0,
      0,
      0,
      0,
      0,
      0,
      0,
      0,
      0,
      0,
      0,
      0,
      0,
      0,
      0,
      0,
      0,
      0,
      0,
      0,
      0,
      0,
      0,
      0,
      0,
      0,
      0,
      0,
      0,
      0,
      0,
      0,
      0,
      0,
      0,
      0,
      0,
      0,
      0,
      0,
      0,
      0,
      0,
      0,
      0,
      0,
      0,
      0,
      0,
      0,
      0,
      0,
      0,
      0,
      0,
      0,
      0,
      0,
      0,
      0,
      0,
      0,
      0,
      0,
      0,
      0,
      0,
      0,
      0,
      0,
      0,
      0,
      0,
      0,
      0,
      0,
      0,
      0,
      0,
      0,
      0,
      0,
      0,
      0,
      0,
      0,
      0,
      0,
      0,
      0,
      0,
      0,
      0,
      0,
      0,
      0,
      0,
      0,
      0,
      0,
      0,
      0,
      0,
      0,
      0,
      0,
      0,
      0,
      0,
      0,
      0,
      0,
      0,
      0,
      0,
      0,
      0,
      0,
      0,
      0,
      0,
      0,
      0,
      0,
      0,
      0,
      0,
      0,
      0,
      0,
      0,
      0,
      0,
      0,
      0,
      0,
      0,
      0,
      0,
      0,
      0,
      0,
      0,
      0,
      0,
      0,
      0,
      0,
      0,
      0,
      0,
      0,
      0,
      0,
      0,
      0,
      0,
      0,
      0,
      0,
      0,
      0,
      0,
      0,
      0,
      0,
      0,
      0,
      0,
      0,
      0,
      0,
      0,
      0,
      0,
      0,
      0,
      0,
      0,
      0,
      0,
      0,
      0,
      0,
      0,
      0,
      0,
      0,
      0,
      0,
      0,
      0,
      0,
      0,
      0,
      0,
      0,
      0,
      0
    ]
  },
  "action_history": [
    {
      "key": "J",
      "time": 0.53
    },
    {
      "key": "W",
      "time": 26.0
    },
    {
      "key": "W",
      "time": 25.48
    },
    {
      "key": "W",
      "time": 24.94
    },
    {
      "key": "W",
      "time": 24.5
    },
    {
      "key": "W",
      "time": 23.88
    },
    {
      "key": "W",
      "time": 23.4
    }
  ]
}Executing command: 'W'
Executing command: 'W'
Executing command: 'W'
Executing command: 'W'
Executing command: 'W'
Executing command: 'W'
Executing command: 'W'
Executing command: 'W'
Executing command: 'W'
Executing command: 'W'
Executing command: 'W'
Executing command: 'W'
Executing command: 'W'
Executing command: 'W'
Executing command: 'W'
Executing command: 'W'
Executing command: 'W'
Executing command: 'W'
Executing command: 'W'
Executing command: 'W'
Executing command: 'W'
Executing command: 'W'
Executing command: 'W'
Executing command: 'W'
Executing command: 'W'
Executing command: 'W'
Executing command: 'W'
Executing command: 'W'
Executing command: 'W'
Executing command: 'W'
Executing command: 'W'
Executing command: 'W'
Executing command: 'W'
Executing command: 'W'
Executing command: 'W'
Executing command: 'W'
Executing command: 'W'


[INFO] Sending request to server at http://141.219.171.151:5000/get_action...

--- ACTION PLAN RECEIVED ---
{
  "key": "W",
  "time": 22.9
}
[✓] Action plan saved in text format to: /home/shivayogiakki/action_plan.txt

--- DATA TO BE SENT ---
{
  "lidar_data": {
    "header": {
      "seq": 310,
      "stamp": {
        "secs": 564,
        "nsecs": 123000000
      },
      "frame_id": "laser"
    },
    "angle_min": -3,
    "angle_max": 3,
    "angle_increment": 0.0055607,
    "time_increment": 0,
    "scan_time": 0,
    "range_min": 0.1,
    "range_max": 30,
    "ranges": [
      4.3913,
      4.40213,
      4.43496,
      4.44133,
      4.44522,
      4.47598,
      4.48085,
      4.49981,
      4.51241,
      4.54837,
      4.55199,
      4.53925,
      4.56505,
      4.57137,
      4.59783,
      4.6219,
      4.63413,
      4.66169,
      4.65231,
      4.67178,
      4.69175,
      4.72121,
      4.74408,
      4.74762,
      4.76941,
      4.80109,
      4.81987,
      4.84051,
      4.85291,
      4.86774,
      4.8858,
      4.89909,
      4.94107,
      4.95382,
      4.9853,
      5.01525,
      5.03696,
      5.04662,
      5.08079,
      5.10472,
      5.13019,
      5.12942,
      5.16739,
      5.20296,
      5.21566,
      5.24896,
      5.27196,
      5.29731,
      5.33219,
      5.36959,
      5.37566,
      5.44331,
      5.45,
      5.47646,
      5.50558,
      5.53308,
      5.54593,
      5.5936,
      5.62561,
      5.6602,
      5.68216,
      5.71862,
      5.77069,
      5.78933,
      5.84995,
      5.88489,
      5.91045,
      5.94869,
      5.99977,
      6.03822,
      6.0597,
      6.1009,
      6.12458,
      6.09829,
      6.07276,
      6.05779,
      6.01145,
      6.00193,
      5.97555,
      5.948,
      5.91576,
      5.91746,
      5.87791,
      5.85379,
      5.83315,
      5.80735,
      5.77969,
      5.76416,
      5.72344,
      5.72567,
      5.67783,
      5.66696,
      5.63615,
      5.64043,
      5.60875,
      5.58396,
      5.57612,
      5.55504,
      5.53925,
      5.51941,
      5.48546,
      5.47837,
      5.46221,
      5.43579,
      5.44806,
      5.41305,
      5.38235,
      5.37823,
      5.35957,
      5.33806,
      5.33366,
      5.326,
      5.30304,
      5.28825,
      5.29354,
      5.25444,
      5.25564,
      5.23184,
      5.21685,
      5.19983,
      5.20548,
      5.18753,
      5.16981,
      5.15371,
      5.15474,
      5.1399,
      5.12311,
      5.10853,
      5.10838,
      5.08708,
      5.08964,
      5.0691,
      5.05118,
      5.06293,
      5.04504,
      5.01983,
      5.01788,
      5.02125,
      4.99454,
      4.99095,
      4.99605,
      4.97416,
      4.96322,
      4.95766,
      4.94418,
      4.94452,
      4.93658,
      4.92915,
      4.92376,
      4.8898,
      4.89854,
      4.90938,
      4.88966,
      4.88718,
      4.87039,
      4.87993,
      4.87389,
      4.86286,
      4.86238,
      4.85861,
      4.83722,
      4.83109,
      4.84717,
      4.83701,
      4.81166,
      4.81314,
      4.80153,
      4.80483,
      4.79729,
      4.80819,
      4.81072,
      4.80441,
      4.80299,
      4.78858,
      4.79161,
      4.7916,
      4.78213,
      4.77755,
      4.76317,
      4.7829,
      4.76241,
      4.75735,
      4.75533,
      4.7633,
      4.74999,
      4.75521,
      4.75283,
      4.73899,
      4.74798,
      4.74967,
      4.7757,
      4.77062,
      4.75481,
      4.75706,
      4.75138,
      4.75927,
      4.75645,
      4.7593,
      4.76247,
      4.77633,
      4.74622,
      4.76619,
      4.75382,
      4.7473,
      4.75754,
      4.77075,
      4.75463,
      4.76782,
      4.76738,
      4.75555,
      4.75732,
      4.76616,
      4.78282,
      4.77811,
      4.76765,
      4.78693,
      4.79011,
      4.81262,
      4.78617,
      4.79766,
      4.8183,
      4.82587,
      4.80518,
      4.82168,
      4.80939,
      4.83132,
      4.8128,
      4.83308,
      4.83825,
      4.84399,
      4.84169,
      4.83158,
      4.85081,
      4.87146,
      4.8875,
      4.87207,
      4.88487,
      4.87913,
      4.90633,
      4.91152,
      4.91589,
      4.93561,
      4.91392,
      4.92232,
      4.94437,
      4.93037,
      4.9714,
      4.97399,
      4.97356,
      4.97432,
      4.97862,
      5.00482,
      5.02242,
      5.01518,
      5.02569,
      5.03256,
      5.04418,
      5.05767,
      5.06543,
      5.07793,
      5.07478,
      5.09769,
      5.10746,
      5.11801,
      5.12874,
      5.14633,
      5.14559,
      5.16495,
      5.19304,
      5.19068,
      5.19281,
      5.23461,
      5.22391,
      5.23113,
      5.25915,
      5.27317,
      5.30024,
      5.28524,
      5.30525,
      5.32809,
      5.3304,
      5.36533,
      5.37928,
      5.39159,
      5.41234,
      5.43369,
      5.426,
      5.46081,
      5.48221,
      5.50512,
      5.52258,
      5.5411,
      5.5553,
      5.56313,
      5.58613,
      5.59767,
      5.61374,
      5.63305,
      5.66526,
      5.69046,
      5.72393,
      5.72726,
      5.75309,
      5.77815,
      5.79363,
      5.79799,
      5.8174,
      5.85291,
      5.90185,
      5.91489,
      5.93785,
      5.95803,
      5.98207,
      6.01003,
      6.03097,
      6.05877,
      6.0662,
      6.11857,
      6.14007,
      6.17784,
      6.19907,
      6.21674,
      6.26093,
      6.28559,
      6.33869,
      6.35788,
      6.37017,
      6.41175,
      6.44229,
      6.4914,
      6.52764,
      6.52902,
      6.58433,
      6.61291,
      6.65719,
      6.69082,
      6.72393,
      6.786,
      6.81631,
      6.84128,
      6.86932,
      6.92241,
      6.97375,
      7.00537,
      7.03716,
      7.0891,
      7.12324,
      7.16857,
      7.22482,
      7.27564,
      7.32947,
      7.37562,
      7.41521,
      7.47446,
      7.5195,
      7.57926,
      7.62803,
      7.67209,
      7.72759,
      7.78747,
      7.84525,
      7.90265,
      7.96799,
      8.01434,
      8.08019,
      8.12586,
      8.20668,
      8.29227,
      8.33943,
      8.43021,
      8.46726,
      8.53567,
      8.62451,
      8.68953,
      8.76623,
      8.82169,
      8.92799,
      8.98271,
      9.09246,
      9.15839,
      9.24412,
      9.32919,
      9.41877,
      9.49915,
      9.60756,
      9.70679,
      9.78916,
      9.89259,
      9.9844,
      10.0971,
      10.2167,
      10.3101,
      10.4178,
      10.5483,
      10.6685,
      10.7934,
      10.8983,
      11.0311,
      11.1597,
      11.268,
      11.437,
      11.472,
      11.4338,
      11.4261,
      11.3811,
      11.3728,
      11.3183,
      11.3143,
      11.2942,
      11.2837,
      11.2453,
      11.1978,
      11.1488,
      11.1778,
      11.1582,
      11.1284,
      11.0855,
      11.0698,
      11.0612,
      11.0449,
      11.0119,
      10.9866,
      10.9778,
      10.9418,
      10.9397,
      10.9116,
      10.9228,
      10.8817,
      10.8531,
      10.8393,
      10.8446,
      10.8167,
      10.8079,
      10.8007,
      10.7891,
      10.7533,
      10.7493,
      10.739,
      10.7141,
      10.7004,
      10.7153,
      10.6782,
      10.6751,
      10.6706,
      10.6541,
      10.6351,
      10.6295,
      10.5869,
      10.6111,
      10.6022,
      10.6042,
      10.5766,
      10.5728,
      10.558,
      10.5683,
      10.5487,
      10.5576,
      10.5321,
      10.5267,
      10.5236,
      10.5291,
      10.4967,
      10.495,
      10.4826,
      10.5013,
      10.4824,
      10.4851,
      10.4915,
      10.4732,
      10.5006,
      10.491,
      10.4466,
      10.4851,
      10.4635,
      10.462,
      10.4762,
      10.4881,
      10.4629,
      10.4484,
      10.4417,
      10.4706,
      10.468,
      10.4662,
      10.4697,
      10.4579,
      10.4671,
      10.4662,
      10.4843,
      10.485,
      10.5062,
      10.504,
      10.5083,
      10.4845,
      10.5012,
      10.4978,
      10.51,
      10.505,
      10.5322,
      10.5263,
      10.5442,
      10.5365,
      10.5615,
      10.5534,
      10.5666,
      10.5773,
      10.6027,
      10.6091,
      10.6089,
      10.6041,
      10.6227,
      10.6415,
      10.6566,
      10.68,
      10.6903,
      10.6803,
      10.6931,
      10.7126,
      10.7378,
      10.7377,
      10.7749,
      10.7773,
      10.7921,
      10.8078,
      10.8063,
      10.822,
      10.8418,
      10.8593,
      10.8717,
      18.8281,
      18.8652,
      18.8932,
      18.9412,
      18.9426,
      18.6273,
      18.3087,
      18.0003,
      17.7194,
      17.4385,
      17.164,
      16.8898,
      16.6244,
      16.3922,
      16.1323,
      15.8949,
      15.6823,
      15.454,
      15.2468,
      15.0289,
      14.8244,
      14.6321,
      14.4229,
      14.2703,
      14.086,
      13.9255,
      13.7404,
      13.5698,
      11.5292,
      11.546,
      11.5546,
      11.5822,
      11.6409,
      11.6502,
      11.693,
      0.205445,
      0.198904,
      0.187521,
      11.8275,
      11.8759,
      11.746,
      11.6467,
      11.5367,
      11.4106,
      11.3072,
      11.2032,
      11.1135,
      11.0269,
      10.9166,
      10.8047,
      10.7223,
      10.612,
      10.5068,
      10.4275,
      10.3453,
      10.261,
      10.1786,
      10.0895,
      10.0051,
      9.93069,
      9.85682,
      9.76921,
      9.71335,
      9.62117,
      9.55182,
      9.46864,
      9.40554,
      9.34149,
      9.26552,
      9.21767,
      9.14517,
      9.07705,
      9.02193,
      8.99966,
      8.91265,
      8.82999,
      8.79337,
      8.72854,
      8.67028,
      8.62633,
      8.56601,
      8.49605,
      8.46106,
      8.39138,
      8.36923,
      8.30351,
      8.24964,
      8.21729,
      8.15728,
      8.11828,
      8.07733,
      8.03559,
      7.98225,
      7.93913,
      7.8961,
      7.85539,
      7.81235,
      7.77404,
      7.73847,
      7.71382,
      7.67465,
      7.62617,
      7.58245,
      7.55415,
      7.50356,
      7.46552,
      7.45977,
      7.39035,
      7.35649,
      7.32553,
      7.29436,
      7.26892,
      7.22296,
      7.20359,
      7.16861,
      7.15831,
      7.12446,
      7.08322,
      7.06642,
      7.0164,
      6.99334,
      6.97159,
      6.91666,
      6.91896,
      6.89484,
      6.85539,
      6.86014,
      6.81391,
      6.79923,
      6.76846,
      6.73204,
      6.70874,
      6.70421,
      6.67024,
      6.65716,
      6.63258,
      6.60624,
      6.58884,
      6.57115,
      6.54718,
      6.53279,
      6.50297,
      6.4811,
      6.46253,
      6.43831,
      6.42983,
      6.40418,
      6.39133,
      6.38868,
      6.34949,
      6.34125,
      6.31673,
      6.29517,
      6.29556,
      6.27524,
      6.26557,
      6.24007,
      6.21545,
      6.19924,
      6.1957,
      6.17299,
      6.15882,
      6.16882,
      6.13025,
      6.12464,
      6.09227,
      6.11163,
      6.09665,
      6.07595,
      6.06067,
      6.05401,
      6.01822,
      6.01641,
      6.02341,
      5.99936,
      5.98543,
      5.99157,
      5.96342,
      5.9629,
      5.96398,
      5.94392,
      5.90567,
      5.92033,
      5.90561,
      5.89675,
      5.8785,
      5.88795,
      5.88823,
      5.85948,
      5.86097,
      5.85037,
      5.84454,
      5.83101,
      5.83958,
      5.80875,
      5.81673,
      5.81867,
      5.78568,
      5.78092,
      5.78145,
      5.79453,
      5.77715,
      5.77159,
      5.76939,
      5.77204,
      5.75822,
      5.75332,
      5.74065,
      5.74947,
      5.73581,
      5.73539,
      5.74662,
      5.71686,
      5.74042,
      5.718,
      5.7292,
      5.70436,
      5.71492,
      5.71451,
      5.71562,
      5.70437,
      5.70411,
      5.70858,
      5.7172,
      5.6888,
      5.68258,
      5.70998,
      5.70271,
      5.69524,
      5.69135,
      5.70398,
      5.7036,
      5.69297,
      5.68865,
      5.71613,
      5.70247,
      5.68885,
      5.69633,
      5.69246,
      5.71198,
      5.71004,
      5.68149,
      5.69845,
      5.70781,
      5.71101,
      5.71756,
      5.7079,
      5.71974,
      5.71913,
      5.71484,
      5.71564,
      5.73067,
      5.73871,
      5.73738,
      5.74214,
      5.74954,
      5.74573,
      5.75444,
      5.74991,
      5.7666,
      5.75683,
      5.77916,
      5.76563,
      5.79284,
      5.78303,
      5.79639,
      5.78573,
      5.81435,
      5.80449,
      5.82398,
      5.81962,
      5.82015,
      5.84435,
      5.85116,
      5.8735,
      5.84884,
      5.87472,
      5.88274,
      5.89618,
      5.89722,
      5.91325,
      5.9114,
      5.93122,
      5.93436,
      5.9469,
      5.9761,
      5.9496,
      5.97841,
      5.98775,
      5.97939,
      6.00747,
      6.03021,
      6.0407,
      6.05338,
      6.05246,
      6.07853,
      6.0823,
      6.103,
      6.11426,
      6.11776,
      6.13905,
      6.12762,
      6.16195,
      6.18012,
      6.18834,
      6.20646,
      6.21781,
      6.24988,
      6.25001,
      6.26054,
      6.27863,
      6.3003,
      6.30389,
      6.33579,
      6.35388,
      6.3573,
      6.37712,
      6.40925,
      6.41837,
      6.45833,
      6.45994,
      6.47454,
      6.49649,
      6.52439,
      6.54811,
      6.56602,
      6.58895,
      6.61452,
      6.6173,
      6.64241,
      6.67197,
      6.701,
      6.69927,
      6.73572,
      6.76502,
      6.79012,
      6.81912,
      6.81729,
      6.85311,
      6.8862,
      6.84368,
      6.79045,
      6.7273,
      6.69627,
      6.62965,
      6.586,
      6.55543,
      6.49413,
      6.44712,
      6.40557,
      6.3569,
      6.31715,
      6.24775,
      6.21225,
      6.1794,
      6.14055,
      6.08768,
      6.04846,
      6.01839,
      5.9765,
      5.93548,
      5.91638,
      5.86105,
      5.81605,
      5.79817,
      5.7559,
      5.70061,
      5.66986,
      5.64984,
      5.62343,
      5.586,
      5.55138,
      5.51977,
      5.47832,
      5.45922,
      5.41361,
      5.39265,
      5.37947,
      5.35309,
      5.31696,
      5.28332,
      5.26762,
      5.23895,
      5.19657,
      5.19433,
      5.1526,
      5.1286,
      5.11408,
      5.07381,
      5.06884,
      5.03324,
      5.00515,
      4.9996,
      4.96672,
      4.94241,
      4.9172,
      4.91036,
      4.89301,
      4.86742,
      4.82659,
      4.79316,
      4.80316,
      4.78536,
      4.74874,
      4.73897,
      4.72166,
      4.70343,
      4.69495,
      4.66394,
      4.6528,
      4.64216,
      4.61355,
      4.6152,
      4.57898,
      4.54887,
      4.5343,
      4.54179,
      4.51754,
      4.49519,
      4.50401,
      4.49464,
      4.46991,
      4.45545,
      4.44117,
      4.42467,
      4.40402,
      4.3962,
      4.37876,
      4.38398,
      4.36884,
      4.34338,
      4.35415,
      4.31767,
      4.30091,
      4.28978,
      4.295,
      4.27764,
      4.27536,
      4.25654,
      4.243,
      4.22879,
      4.23239,
      4.21789,
      4.21351,
      4.20576,
      4.18251,
      4.1675,
      4.17333,
      4.16331,
      4.156,
      4.15542,
      4.12647,
      4.12137,
      4.13001,
      4.11864,
      4.10699,
      4.09413,
      4.08474,
      4.05818,
      4.07619,
      4.06629,
      4.07883,
      4.06194,
      4.03847,
      4.0475,
      4.03458,
      4.01565,
      4.01826,
      4.03649,
      4.02211,
      3.9967,
      3.99268,
      3.98332,
      3.99516,
      3.97135,
      3.98399,
      3.99021,
      3.95524,
      3.96932,
      3.9529,
      3.9489,
      3.92922,
      3.9302,
      3.94676,
      3.93792,
      3.92532,
      3.95055,
      3.93922,
      3.94362,
      3.92134,
      3.92407,
      3.90452,
      3.91975,
      3.90271,
      3.90903,
      3.90571,
      3.90474,
      3.90369,
      3.90288,
      3.89286,
      3.88285,
      3.91559,
      3.89239,
      3.89685,
      3.91012,
      3.90011,
      3.88686,
      3.90099,
      3.88349,
      3.90579,
      3.90299,
      3.88747,
      3.89167,
      3.87782,
      3.87624,
      3.89449,
      3.86127,
      3.87243,
      3.88075,
      3.87325,
      3.87042,
      3.89951,
      3.895,
      3.89399,
      3.87822,
      3.87548,
      3.89785,
      3.90179,
      3.89251,
      3.89869,
      3.90242,
      3.89966,
      3.88835,
      3.88463,
      3.90075,
      3.91142,
      3.91913,
      3.92133,
      3.91752,
      3.91448,
      3.93115,
      3.92617,
      3.92995,
      3.93973,
      3.93703,
      3.93446,
      3.94795,
      3.94514,
      3.9362,
      3.96055,
      3.97233,
      3.95707
    ],
    "intensities": [
      0,
      0,
      0,
      0,
      0,
      0,
      0,
      0,
      0,
      0,
      0,
      0,
      0,
      0,
      0,
      0,
      0,
      0,
      0,
      0,
      0,
      0,
      0,
      0,
      0,
      0,
      0,
      0,
      0,
      0,
      0,
      0,
      0,
      0,
      0,
      0,
      0,
      0,
      0,
      0,
      0,
      0,
      0,
      0,
      0,
      0,
      0,
      0,
      0,
      0,
      0,
      0,
      0,
      0,
      0,
      0,
      0,
      0,
      0,
      0,
      0,
      0,
      0,
      0,
      0,
      0,
      0,
      0,
      0,
      0,
      0,
      0,
      0,
      0,
      0,
      0,
      0,
      0,
      0,
      0,
      0,
      0,
      0,
      0,
      0,
      0,
      0,
      0,
      0,
      0,
      0,
      0,
      0,
      0,
      0,
      0,
      0,
      0,
      0,
      0,
      0,
      0,
      0,
      0,
      0,
      0,
      0,
      0,
      0,
      0,
      0,
      0,
      0,
      0,
      0,
      0,
      0,
      0,
      0,
      0,
      0,
      0,
      0,
      0,
      0,
      0,
      0,
      0,
      0,
      0,
      0,
      0,
      0,
      0,
      0,
      0,
      0,
      0,
      0,
      0,
      0,
      0,
      0,
      0,
      0,
      0,
      0,
      0,
      0,
      0,
      0,
      0,
      0,
      0,
      0,
      0,
      0,
      0,
      0,
      0,
      0,
      0,
      0,
      0,
      0,
      0,
      0,
      0,
      0,
      0,
      0,
      0,
      0,
      0,
      0,
      0,
      0,
      0,
      0,
      0,
      0,
      0,
      0,
      0,
      0,
      0,
      0,
      0,
      0,
      0,
      0,
      0,
      0,
      0,
      0,
      0,
      0,
      0,
      0,
      0,
      0,
      0,
      0,
      0,
      0,
      0,
      0,
      0,
      0,
      0,
      0,
      0,
      0,
      0,
      0,
      0,
      0,
      0,
      0,
      0,
      0,
      0,
      0,
      0,
      0,
      0,
      0,
      0,
      0,
      0,
      0,
      0,
      0,
      0,
      0,
      0,
      0,
      0,
      0,
      0,
      0,
      0,
      0,
      0,
      0,
      0,
      0,
      0,
      0,
      0,
      0,
      0,
      0,
      0,
      0,
      0,
      0,
      0,
      0,
      0,
      0,
      0,
      0,
      0,
      0,
      0,
      0,
      0,
      0,
      0,
      0,
      0,
      0,
      0,
      0,
      0,
      0,
      0,
      0,
      0,
      0,
      0,
      0,
      0,
      0,
      0,
      0,
      0,
      0,
      0,
      0,
      0,
      0,
      0,
      0,
      0,
      0,
      0,
      0,
      0,
      0,
      0,
      0,
      0,
      0,
      0,
      0,
      0,
      0,
      0,
      0,
      0,
      0,
      0,
      0,
      0,
      0,
      0,
      0,
      0,
      0,
      0,
      0,
      0,
      0,
      0,
      0,
      0,
      0,
      0,
      0,
      0,
      0,
      0,
      0,
      0,
      0,
      0,
      0,
      0,
      0,
      0,
      0,
      0,
      0,
      0,
      0,
      0,
      0,
      0,
      0,
      0,
      0,
      0,
      0,
      0,
      0,
      0,
      0,
      0,
      0,
      0,
      0,
      0,
      0,
      0,
      0,
      0,
      0,
      0,
      0,
      0,
      0,
      0,
      0,
      0,
      0,
      0,
      0,
      0,
      0,
      0,
      0,
      0,
      0,
      0,
      0,
      0,
      0,
      0,
      0,
      0,
      0,
      0,
      0,
      0,
      0,
      0,
      0,
      0,
      0,
      0,
      0,
      0,
      0,
      0,
      0,
      0,
      0,
      0,
      0,
      0,
      0,
      0,
      0,
      0,
      0,
      0,
      0,
      0,
      0,
      0,
      0,
      0,
      0,
      0,
      0,
      0,
      0,
      0,
      0,
      0,
      0,
      0,
      0,
      0,
      0,
      0,
      0,
      0,
      0,
      0,
      0,
      0,
      0,
      0,
      0,
      0,
      0,
      0,
      0,
      0,
      0,
      0,
      0,
      0,
      0,
      0,
      0,
      0,
      0,
      0,
      0,
      0,
      0,
      0,
      0,
      0,
      0,
      0,
      0,
      0,
      0,
      0,
      0,
      0,
      0,
      0,
      0,
      0,
      0,
      0,
      0,
      0,
      0,
      0,
      0,
      0,
      0,
      0,
      0,
      0,
      0,
      0,
      0,
      0,
      0,
      0,
      0,
      0,
      0,
      0,
      0,
      0,
      0,
      0,
      0,
      0,
      0,
      0,
      0,
      0,
      0,
      0,
      0,
      0,
      0,
      0,
      0,
      0,
      0,
      0,
      0,
      0,
      0,
      0,
      0,
      0,
      0,
      0,
      0,
      0,
      0,
      0,
      0,
      0,
      0,
      0,
      0,
      0,
      0,
      0,
      0,
      0,
      0,
      0,
      0,
      0,
      0,
      0,
      0,
      0,
      0,
      0,
      0,
      0,
      0,
      0,
      0,
      0,
      0,
      0,
      0,
      0,
      0,
      0,
      0,
      0,
      0,
      0,
      0,
      0,
      0,
      0,
      0,
      0,
      0,
      0,
      0,
      0,
      0,
      0,
      0,
      0,
      0,
      0,
      0,
      0,
      0,
      0,
      0,
      0,
      0,
      0,
      0,
      0,
      0,
      0,
      0,
      0,
      0,
      0,
      0,
      0,
      0,
      0,
      0,
      0,
      0,
      0,
      0,
      0,
      0,
      0,
      0,
      0,
      0,
      0,
      0,
      0,
      0,
      0,
      0,
      0,
      0,
      0,
      0,
      0,
      0,
      0,
      0,
      0,
      0,
      0,
      0,
      0,
      0,
      0,
      0,
      0,
      0,
      0,
      0,
      0,
      0,
      0,
      0,
      0,
      0,
      0,
      0,
      0,
      0,
      0,
      0,
      0,
      0,
      0,
      0,
      0,
      0,
      0,
      0,
      0,
      0,
      0,
      0,
      0,
      0,
      0,
      0,
      0,
      0,
      0,
      0,
      0,
      0,
      0,
      0,
      0,
      0,
      0,
      0,
      0,
      0,
      0,
      0,
      0,
      0,
      0,
      0,
      0,
      0,
      0,
      0,
      0,
      0,
      0,
      0,
      0,
      0,
      0,
      0,
      0,
      0,
      0,
      0,
      0,
      0,
      0,
      0,
      0,
      0,
      0,
      0,
      0,
      0,
      0,
      0,
      0,
      0,
      0,
      0,
      0,
      0,
      0,
      0,
      0,
      0,
      0,
      0,
      0,
      0,
      0,
      0,
      0,
      0,
      0,
      0,
      0,
      0,
      0,
      0,
      0,
      0,
      0,
      0,
      0,
      0,
      0,
      0,
      0,
      0,
      0,
      0,
      0,
      0,
      0,
      0,
      0,
      0,
      0,
      0,
      0,
      0,
      0,
      0,
      0,
      0,
      0,
      0,
      0,
      0,
      0,
      0,
      0,
      0,
      0,
      0,
      0,
      0,
      0,
      0,
      0,
      0,
      0,
      0,
      0,
      0,
      0,
      0,
      0,
      0,
      0,
      0,
      0,
      0,
      0,
      0,
      0,
      0,
      0,
      0,
      0,
      0,
      0,
      0,
      0,
      0,
      0,
      0,
      0,
      0,
      0,
      0,
      0,
      0,
      0,
      0,
      0,
      0,
      0,
      0,
      0,
      0,
      0,
      0,
      0,
      0,
      0,
      0,
      0,
      0,
      0,
      0,
      0,
      0,
      0,
      0,
      0,
      0,
      0,
      0,
      0,
      0,
      0,
      0,
      0,
      0,
      0,
      0,
      0,
      0,
      0,
      0,
      0,
      0,
      0,
      0,
      0,
      0,
      0,
      0,
      0,
      0,
      0,
      0,
      0,
      0,
      0,
      0,
      0,
      0,
      0,
      0,
      0,
      0,
      0,
      0,
      0,
      0,
      0,
      0,
      0,
      0,
      0,
      0,
      0,
      0,
      0,
      0,
      0,
      0,
      0,
      0,
      0,
      0,
      0,
      0,
      0,
      0,
      0,
      0,
      0,
      0,
      0,
      0,
      0,
      0,
      0,
      0,
      0,
      0,
      0,
      0,
      0,
      0,
      0,
      0,
      0,
      0,
      0,
      0,
      0,
      0,
      0,
      0,
      0,
      0,
      0,
      0,
      0,
      0,
      0,
      0,
      0,
      0,
      0,
      0,
      0,
      0,
      0,
      0,
      0,
      0,
      0,
      0,
      0,
      0,
      0,
      0,
      0,
      0,
      0,
      0,
      0,
      0,
      0,
      0,
      0,
      0,
      0,
      0,
      0,
      0,
      0,
      0,
      0,
      0,
      0,
      0,
      0,
      0,
      0,
      0,
      0,
      0,
      0,
      0,
      0,
      0,
      0,
      0,
      0,
      0,
      0,
      0,
      0,
      0,
      0,
      0,
      0,
      0,
      0,
      0,
      0,
      0,
      0,
      0,
      0,
      0,
      0,
      0,
      0,
      0,
      0,
      0,
      0,
      0,
      0,
      0,
      0,
      0,
      0,
      0,
      0,
      0,
      0,
      0,
      0,
      0,
      0,
      0,
      0,
      0,
      0,
      0,
      0,
      0,
      0,
      0,
      0,
      0,
      0,
      0,
      0,
      0,
      0,
      0,
      0,
      0,
      0,
      0,
      0,
      0,
      0,
      0,
      0,
      0,
      0,
      0,
      0,
      0,
      0,
      0,
      0,
      0,
      0,
      0,
      0,
      0,
      0,
      0,
      0,
      0,
      0,
      0,
      0,
      0,
      0,
      0,
      0,
      0,
      0,
      0,
      0,
      0,
      0,
      0,
      0
    ]
  },
  "action_history": [
    {
      "key": "J",
      "time": 0.53
    },
    {
      "key": "W",
      "time": 26.0
    },
    {
      "key": "W",
      "time": 25.48
    },
    {
      "key": "W",
      "time": 24.94
    },
    {
      "key": "W",
      "time": 24.5
    },
    {
      "key": "W",
      "time": 23.88
    },
    {
      "key": "W",
      "time": 23.4
    },
    {
      "key": "W",
      "time": 22.9
    }
  ]
}Executing command: 'W'
Executing command: 'W'
Executing command: 'W'
Executing command: 'W'
Executing command: 'W'
Executing command: 'W'
Executing command: 'W'
Executing command: 'W'
Executing command: 'W'
Executing command: 'W'
Executing command: 'W'
Executing command: 'W'
Executing command: 'W'
stop the controller
Interrupt received. Cleaning up...
Cleaning up processes...
[INFO] [1752427372.334592, 0.000000]: Controller Spawner: Waiting for service controller_manager/load_controller
[INFO] [1752427373.540391, 523.140000]: Controller Spawner: Waiting for service controller_manager/switch_controller
[INFO] [1752427373.542548, 523.142000]: Controller Spawner: Waiting for service controller_manager/unload_controller
[INFO] [1752427373.544441, 523.144000]: Loading controller: joint_state_controller
[INFO] [1752427373.549062, 523.149000]: Loading controller: FL_hip_controller
[INFO] [1752427373.563197, 523.163000]: Loading controller: FL_thigh_controller
[INFO] [1752427373.570199, 523.170000]: Loading controller: FL_calf_controller
[INFO] [1752427373.578334, 523.178000]: Loading controller: FR_hip_controller
[INFO] [1752427373.587234, 523.187000]: Loading controller: FR_thigh_controller
[INFO] [1752427373.596317, 523.196000]: Loading controller: FR_calf_controller
[INFO] [1752427373.605350, 523.205000]: Loading controller: RL_hip_controller
[INFO] [1752427373.615475, 523.215000]: Loading controller: RL_thigh_controller
[INFO] [1752427373.623382, 523.223000]: Loading controller: RL_calf_controller
[INFO] [1752427373.631312, 523.231000]: Loading controller: RR_hip_controller
[INFO] [1752427373.639416, 523.239000]: Loading controller: RR_thigh_controller
[INFO] [1752427373.646552, 523.246000]: Loading controller: RR_calf_controller
[INFO] [1752427373.655572, 523.255000]: Controller Spawner: Loaded controllers: joint_state_controller, FL_hip_controller, FL_thigh_controller, FL_calf_controller, FR_hip_controller, FR_thigh_controller, FR_calf_controller, RL_hip_controller, RL_thigh_controller, RL_calf_controller, RR_hip_controller, RR_thigh_controller, RR_calf_controller
[INFO] [1752427373.658471, 523.258000]: Started controllers: joint_state_controller, FL_hip_controller, FL_thigh_controller, FL_calf_controller, FR_hip_controller, FR_thigh_controller, FR_calf_controller, RL_hip_controller, RL_thigh_controller, RL_calf_controller, RR_hip_controller, RR_thigh_controller, RR_calf_controller
[INFO] [1752427415.898023, 565.470000]: Shutting down spawner. Stopping and unloading controllers...
[INFO] [1752427415.899198, 565.470000]: Stopping all controllers...
Cleanup completed.

==========================================
Interrupt received. Stopping sequential runner...
Note: Individual scripts handle their own cleanup.
==========================================
